Workbook

Sheet Home

Sheet Tetris
A1: 1 | B1: 1 | C1: 1 | D1: 1 | E1: 1 | F1: 1 | G1: 1 | H1: 1 | I1: 1 | J1: 1 | K1: 1 | L1: 1 | M1: 1 | N1: 1 | O1: 1 | P1: 1 | Q1: 1 | R1: 1 | S1: 1 | T1: 1 | U1: 1 | V1: 1 | W1: 1
A2: 1 | B2: 1 | C2: 1 | D2: Tetris | N2: 1 | O2: 1 | P2: 1 | Q2: 1 | R2: 1 | S2: 1 | T2: 1 | U2: 1 | V2: 1 | W2: 1
A3: 1 | B3: 1 | C3: 1 | D3: 1 | E3: 1 | F3: 1 | G3: 1 | H3: 1 | I3: 1 | J3: 1 | K3: 1 | L3: 1 | M3: 1 | N3: 1 | O3: 1 | P3: 1 | Q3: 1 | R3: 1 | S3: 1 | T3: 1 | U3: 1 | V3: 1 | W3: 1
A4: 1 | B4: 1 | C4: 1 | D4: 1 | E4: 1 | F4: 1 | G4: 1 | H4: 1 | I4: 1 | J4: 1 | K4: 1 | L4: 1 | M4: 1 | N4: 1 | O4: 1 | P4: 1 | Q4: 1 | R4: 1 | S4: 1 | T4: 1 | U4: 1 | V4: 1 | W4: 1
A5: 1 | B5: 1 | C5: 1 | D5: 1 | E5: 1 | F5: 1 | G5: 1 | H5: 1 | I5: 1 | J5: 1 | K5: 1 | L5: 1 | M5: 1 | N5: 1 | O5: 1 | P5: 1 | Q5: 1 | R5: 1 | S5: 1 | T5: 1 | U5: 1 | V5: 1 | W5: 1
A6: 1 | B6: 1 | C6: 1 | D6: 1 | E6: 1 | F6: 1 | G6: 1 | H6: 1 | I6: 1 | J6: 1 | K6: 1 | L6: 1 | M6: 1 | N6: 1 | O6: 1 | P6: 1 | Q6: 1 | R6: 1 | S6: 1 | T6: 1 | U6: 1 | V6: 1 | W6: 1
A7: 1 | B7: 1 | C7: 1 | D7: 0 | E7: 0 | F7: 0 | G7: 1 | H7: 1 | I7: 1 | J7: 0 | K7: 0 | L7: 0 | M7: 0 | N7: 1 | O7: 1 | P7: 1 | Q7: 1 | R7: 1 | S7: 1 | T7: 1 | U7: 1 | V7: 1 | W7: 1
A8: 1 | B8: 1 | C8: 1 | D8: 0 | E8: 0 | F8: 0 | G8: 0 | H8: 1 | I8: 0 | J8: 0 | K8: 0 | L8: 0 | M8: 0 | N8: 1 | O8: 1 | P8: 1 | Q8: 1 | R8: 1 | S8: 1 | T8: 1 | U8: 1 | V8: 1 | W8: 1
A9: 1 | B9: 1 | C9: 1 | D9: 0 | E9: 1 | F9: 1 | G9: 1 | H9: 0 | I9: 0 | J9: 0 | K9: 0 | L9: 0 | M9: 0 | N9: 1 | O9: 1 | P9: 1 | V9: 1 | W9: 1
A10: 1 | B10: 1 | C10: 1 | D10: 0 | E10: 0 | F10: 0 | G10: 1 | H10: 0 | I10: 0 | J10: 0 | K10: 0 | L10: 0 | M10: 0 | N10: 1 | O10: 1 | P10: 1 | R10: Left | S10: X | T10: Right | V10: 1 | W10: 1
A11: 1 | B11: 1 | C11: 1 | D11: 0 | E11: 0 | F11: 0 | G11: 0 | H11: 0 | I11: 0 | J11: 0 | K11: 0 | L11: 0 | M11: 0 | N11: 1 | O11: 1 | P11: 1 | S11: Rotate | V11: 1 | W11: 1
A12: 1 | B12: 1 | C12: 1 | D12: 0 | E12: 0 | F12: 0 | G12: 0 | H12: 0 | I12: 0 | J12: 0 | K12: 0 | L12: 0 | M12: 0 | N12: 1 | O12: 1 | P12: 1 | V12: 1 | W12: 1
A13: 1 | B13: 1 | C13: 1 | D13: 0 | E13: 0 | F13: 0 | G13: 0 | H13: 0 | I13: 0 | J13: 0 | K13: 0 | L13: 0 | M13: 0 | N13: 1 | O13: 1 | P13: 1 | Q13: 1 | R13: 1 | S13: 1 | T13: 1 | U13: 1 | V13: 1 | W13: 1
A14: 1 | B14: 1 | C14: 1 | D14: 0 | E14: 0 | F14: 0 | G14: 0 | H14: 0 | I14: 0 | J14: 0 | K14: 0 | L14: 0 | M14: 0 | N14: 1 | O14: 1 | P14: 1 | Q14: 1 | R14: 1 | S14: 1 | T14: 1 | U14: 1 | V14: 1 | W14: 1
A15: 1 | B15: 1 | C15: 1 | D15: 0 | E15: 0 | F15: 0 | G15: 0 | H15: 0 | I15: 0 | J15: 0 | K15: 0 | L15: 0 | M15: 0 | N15: 1 | O15: 1 | P15: 1 | Q15: 1 | R15: 1 | S15: 1 | T15: 1 | U15: 1 | V15: 1 | W15: 1
A16: 1 | B16: 1 | C16: 1 | D16: 0 | E16: 0 | F16: 0 | G16: 0 | H16: 0 | I16: 0 | J16: 0 | K16: 0 | L16: 0 | M16: 0 | N16: 1 | O16: 1 | P16: 1 | V16: 1 | W16: 1
A17: 1 | B17: 1 | C17: 1 | D17: 0 | E17: 0 | F17: 0 | G17: 0 | H17: 0 | I17: 0 | J17: 0 | K17: 0 | L17: 0 | M17: 0 | N17: 1 | O17: 1 | P17: 1 | R17: Score: | T17: 0 | V17: 1 | W17: 1
A18: 1 | B18: 1 | C18: 1 | D18: 1 | E18: 1 | F18: 0 | G18: 0 | H18: 0 | I18: 0 | J18: 0 | K18: 0 | L18: 0 | M18: 0 | N18: 1 | O18: 1 | P18: 1 | V18: 1 | W18: 1
A19: 1 | B19: 1 | C19: 1 | D19: 1 | E19: 1 | F19: 0 | G19: 0 | H19: 0 | I19: 0 | J19: 0 | K19: 0 | L19: 0 | M19: 0 | N19: 1 | O19: 1 | P19: 1 | Q19: 1 | R19: 1 | S19: 1 | T19: 1 | U19: 1 | V19: 1 | W19: 1
A20: 1 | B20: 1 | C20: 1 | D20: 1 | E20: 1 | F20: 0 | G20: 0 | H20: 0 | I20: 0 | J20: 0 | K20: 0 | L20: 0 | M20: 0 | N20: 1 | O20: 1 | P20: 1 | Q20: 1 | S20: 1 | T20: 1 | U20: 1 | V20: 1 | W20: 1
A21: 1 | B21: 1 | C21: 1 | D21: 1 | E21: 1 | F21: 0 | G21: 0 | H21: 0 | I21: 0 | J21: 0 | K21: 0 | L21: 0 | M21: 0 | N21: 1 | O21: 1 | P21: 1 | Q21: 1 | R21: 1 | S21: 1 | T21: 1 | U21: 1 | V21: 1 | W21: 1
A22: 1 | B22: 1 | C22: 1 | D22: 1 | E22: 1 | F22: 0 | G22: 1 | H22: 0 | I22: 0 | J22: 0 | K22: 0 | L22: 0 | M22: 0 | N22: 1 | O22: 1 | P22: 1 | Q22: 1 | R22: 1 | S22: 1 | T22: 1 | U22: 1 | V22: 1 | W22: 1
A23: 1 | B23: 1 | C23: 1 | D23: 1 | E23: 1 | F23: 1 | G23: 1 | H23: 0 | I23: 0 | J23: 0 | K23: 0 | L23: 0 | M23: 0 | N23: 1 | O23: 1 | P23: 1 | Q23: 1 | R23: 1 | S23: 1 | T23: 1 | U23: 1 | V23: 1 | W23: 1
A24: 1 | B24: 1 | C24: 1 | D24: 1 | E24: 1 | F24: 1 | G24: 1 | H24: 1 | I24: 0 | J24: 0 | K24: 0 | L24: 0 | M24: 0 | N24: 1 | O24: 1 | P24: 1 | S24: Quit | V24: 1 | W24: 1
A25: 1 | B25: 1 | C25: 1 | D25: 1 | E25: 1 | F25: 1 | G25: 0 | H25: 1 | I25: 0 | J25: 0 | K25: 0 | L25: 0 | M25: 0 | N25: 1 | O25: 1 | P25: 1 | Q25: 1 | R25: 1 | S25: 1 | T25: 1 | U25: 1 | V25: 1 | W25: 1
A26: 1 | B26: 1 | C26: 1 | D26: 0 | E26: 1 | F26: 1 | G26: 1 | H26: 1 | I26: 0 | J26: 0 | K26: 0 | L26: 0 | M26: 0 | N26: 1 | O26: 1 | P26: 1 | Q26: 1 | R26: 1 | S26: 1 | T26: 1 | U26: 1 | V26: 1 | W26: 1
A27: 1 | B27: 1 | C27: 1 | D27: 1 | E27: 1 | F27: 1 | G27: 1 | H27: 1 | I27: 1 | J27: 1 | K27: 1 | L27: 1 | M27: 1 | N27: 1 | O27: 1 | P27: 1 | Q27: 1 | R27: 1 | S27: 1 | T27: 1 | U27: Back
A28: 1 | B28: 1 | C28: 1 | D28: 1 | E28: 1 | F28: 1 | G28: 1 | H28: 1 | I28: 1 | J28: 1 | K28: 1 | L28: 1 | M28: 1 | N28: 1 | O28: 1 | P28: 1 | Q28: 1 | R28: 1 | S28: 1 | T28: 1
A29: 1 | B29: 1 | C29: 1 | D29: 1 | E29: 1 | F29: 1 | G29: 1 | H29: 1 | I29: 1 | J29: 1 | K29: 1 | L29: 1 | M29: 1 | N29: 1 | O29: 1 | P29: 1 | Q29: 1 | R29: 1 | S29: 1 | T29: 1

Sheet FlappyBird
B1: FLAPPY | U1: Hi-Score: | X1: =IF(F4>X1, F4, X1) -> 170
B2: BIRD | J2: Click fn+F9 to move
K3: =IF(AND(V4=0, Backend!K31<>-1), "GAME OVER", "")
D4: Score: | F4: =QUOTIENT(Backend!K31, 4) -> 0 | T4: Lives: | V4: =IF(V20=TRUE, IF(AND(OR(COUNTIF(F5:F19,5)>0,Backend!K35>14,Backend!K35<0), V4>0), V4-1, V4), 3) -> 0
D5: {=_xlfn.LET(_xlpm.shift, Backend!$K$31, _xlpm.shape, INDEX(Backend!2:2,COLUMN(Backend!A2)+_xlpm.shift), IF(Backend!$K$31=-1, 0, _xlpm.shape))} -> 0 | E5: {=_xlfn.LET(_xlpm.shift, Backend!$K$31, _xlpm.shape, INDEX(Backend!2:2,COLUMN(Backend!B2)+_xlpm.shift), IF($AA$19=-1, 0, _xlpm.shape))} -> 0 | F5: {=_xlfn.LET(_xlpm.shift, Backend!$K$31, _xlpm.up, Backend!K35, _xlpm.shape, IF(_xlpm.up=14, IF(AND(_xlpm.up=14, INDEX(Backend!2:2,COLUMN(Backend!C2)+_xlpm.shift)=1), 5, " ∎"), INDEX(Backend!2:2,COLUMN(Backend!C2)+_xlpm.shift)), _xlpm.shape)} -> 0 | G5: {=_xlfn.LET(_xlpm.shift, Backend!$K$31, _xlpm.shape, INDEX(Backend!2:2,COLUMN(Backend!D2)+_xlpm.shift), _xlpm.shape)} -> 0 | H5: {=_xlfn.LET(_xlpm.shift, Backend!$K$31, _xlpm.shape, INDEX(Backend!2:2,COLUMN(Backend!E2)+_xlpm.shift), _xlpm.shape)} -> 0 | I5: {=_xlfn.LET(_xlpm.shift, Backend!$K$31, _xlpm.shape, INDEX(Backend!2:2,COLUMN(Backend!F2)+_xlpm.shift), _xlpm.shape)} -> 1 | J5: {=_xlfn.LET(_xlpm.shift, Backend!$K$31, _xlpm.shape, INDEX(Backend!2:2,COLUMN(Backend!G2)+_xlpm.shift), _xlpm.shape)} -> 1 | K5: {=_xlfn.LET(_xlpm.shift, Backend!$K$31, _xlpm.shape, INDEX(Backend!2:2,COLUMN(Backend!H2)+_xlpm.shift), _xlpm.shape)} -> 0 | L5: {=_xlfn.LET(_xlpm.shift, Backend!$K$31, _xlpm.shape, INDEX(Backend!2:2,COLUMN(Backend!I2)+_xlpm.shift), _xlpm.shape)} -> 0 | M5: {=_xlfn.LET(_xlpm.shift, Backend!$K$31, _xlpm.shape, INDEX(Backend!2:2,COLUMN(Backend!J2)+_xlpm.shift), _xlpm.shape)} -> 1 | N5: {=_xlfn.LET(_xlpm.shift, Backend!$K$31, _xlpm.shape, INDEX(Backend!2:2,COLUMN(Backend!K2)+_xlpm.shift), _xlpm.shape)} -> 1 | ... V5: {=_xlfn.LET(_xlpm.shift, Backend!$K$31, _xlpm.shape, INDEX(Backend!2:2,COLUMN(Backend!S2)+_xlpm.shift), _xlpm.shape)} -> 1
D6: {=_xlfn.LET(_xlpm.shift, Backend!$K$31, _xlpm.shape, INDEX(Backend!3:3,COLUMN(Backend!A3)+_xlpm.shift), IF(Backend!$K$31=-1, 0, _xlpm.shape))} -> 0 | E6: {=_xlfn.LET(_xlpm.shift, Backend!$K$31, _xlpm.shape, INDEX(Backend!3:3,COLUMN(Backend!B3)+_xlpm.shift), IF($AA$19=-1, 0, _xlpm.shape))} -> 0 | F6: {=_xlfn.LET(_xlpm.shift, Backend!$K$31, _xlpm.up, Backend!K35, _xlpm.shape, IF(_xlpm.up=13, IF(AND(_xlpm.up=13, INDEX(Backend!3:3,COLUMN(Backend!C3)+_xlpm.shift)=1), 5, " ∎"), INDEX(Backend!3:3,COLUMN(Backend!C3)+_xlpm.shift)), _xlpm.shape)} -> 0 | G6: {=_xlfn.LET(_xlpm.shift, Backend!$K$31, _xlpm.shape, INDEX(Backend!3:3,COLUMN(Backend!D3)+_xlpm.shift), _xlpm.shape)} -> 0 | H6: {=_xlfn.LET(_xlpm.shift, Backend!$K$31, _xlpm.shape, INDEX(Backend!3:3,COLUMN(Backend!E3)+_xlpm.shift), _xlpm.shape)} -> 0 | I6: {=_xlfn.LET(_xlpm.shift, Backend!$K$31, _xlpm.shape, INDEX(Backend!3:3,COLUMN(Backend!F3)+_xlpm.shift), _xlpm.shape)} -> 1 | J6: {=_xlfn.LET(_xlpm.shift, Backend!$K$31, _xlpm.shape, INDEX(Backend!3:3,COLUMN(Backend!G3)+_xlpm.shift), _xlpm.shape)} -> 1 | K6: {=_xlfn.LET(_xlpm.shift, Backend!$K$31, _xlpm.shape, INDEX(Backend!3:3,COLUMN(Backend!H3)+_xlpm.shift), _xlpm.shape)} -> 0 | L6: {=_xlfn.LET(_xlpm.shift, Backend!$K$31, _xlpm.shape, INDEX(Backend!3:3,COLUMN(Backend!I3)+_xlpm.shift), _xlpm.shape)} -> 0 | M6: {=_xlfn.LET(_xlpm.shift, Backend!$K$31, _xlpm.shape, INDEX(Backend!3:3,COLUMN(Backend!J3)+_xlpm.shift), _xlpm.shape)} -> 1 | N6: {=_xlfn.LET(_xlpm.shift, Backend!$K$31, _xlpm.shape, INDEX(Backend!3:3,COLUMN(Backend!K3)+_xlpm.shift), _xlpm.shape)} -> 1 | ... V6: {=_xlfn.LET(_xlpm.shift, Backend!$K$31, _xlpm.shape, INDEX(Backend!3:3,COLUMN(Backend!S3)+_xlpm.shift), _xlpm.shape)} -> 1
D7: {=_xlfn.LET(_xlpm.shift, Backend!$K$31, _xlpm.shape, INDEX(Backend!4:4,COLUMN(Backend!A4)+_xlpm.shift), IF(Backend!$K$31=-1, 0, _xlpm.shape))} -> 0 | E7: {=_xlfn.LET(_xlpm.shift, Backend!$K$31, _xlpm.shape, INDEX(Backend!4:4,COLUMN(Backend!B4)+_xlpm.shift), IF($AA$19=-1, 0, _xlpm.shape))} -> 0 | F7: {=_xlfn.LET(_xlpm.shift, Backend!$K$31, _xlpm.up, Backend!K35, _xlpm.shape, IF(_xlpm.up=12, IF(AND(_xlpm.up=12, INDEX(Backend!4:4,COLUMN(Backend!C4)+_xlpm.shift)=1), 5, " ∎"), INDEX(Backend!4:4,COLUMN(Backend!C4)+_xlpm.shift)), _xlpm.shape)} -> 0 | G7: {=_xlfn.LET(_xlpm.shift, Backend!$K$31, _xlpm.shape, INDEX(Backend!4:4,COLUMN(Backend!D4)+_xlpm.shift), _xlpm.shape)} -> 0 | H7: {=_xlfn.LET(_xlpm.shift, Backend!$K$31, _xlpm.shape, INDEX(Backend!4:4,COLUMN(Backend!E4)+_xlpm.shift), _xlpm.shape)} -> 0 | I7: {=_xlfn.LET(_xlpm.shift, Backend!$K$31, _xlpm.shape, INDEX(Backend!4:4,COLUMN(Backend!F4)+_xlpm.shift), _xlpm.shape)} -> 1 | J7: {=_xlfn.LET(_xlpm.shift, Backend!$K$31, _xlpm.shape, INDEX(Backend!4:4,COLUMN(Backend!G4)+_xlpm.shift), _xlpm.shape)} -> 1 | K7: {=_xlfn.LET(_xlpm.shift, Backend!$K$31, _xlpm.shape, INDEX(Backend!4:4,COLUMN(Backend!H4)+_xlpm.shift), _xlpm.shape)} -> 0 | L7: {=_xlfn.LET(_xlpm.shift, Backend!$K$31, _xlpm.shape, INDEX(Backend!4:4,COLUMN(Backend!I4)+_xlpm.shift), _xlpm.shape)} -> 0 | M7: {=_xlfn.LET(_xlpm.shift, Backend!$K$31, _xlpm.shape, INDEX(Backend!4:4,COLUMN(Backend!J4)+_xlpm.shift), _xlpm.shape)} -> 1 | N7: {=_xlfn.LET(_xlpm.shift, Backend!$K$31, _xlpm.shape, INDEX(Backend!4:4,COLUMN(Backend!K4)+_xlpm.shift), _xlpm.shape)} -> 1 | ... V7: {=_xlfn.LET(_xlpm.shift, Backend!$K$31, _xlpm.shape, INDEX(Backend!4:4,COLUMN(Backend!S4)+_xlpm.shift), _xlpm.shape)} -> 0
D8: {=_xlfn.LET(_xlpm.shift, Backend!$K$31, _xlpm.shape, INDEX(Backend!5:5,COLUMN(Backend!A5)+_xlpm.shift), IF(Backend!$K$31=-1, 0, _xlpm.shape))} -> 0 | E8: {=_xlfn.LET(_xlpm.shift, Backend!$K$31, _xlpm.shape, INDEX(Backend!5:5,COLUMN(Backend!B5)+_xlpm.shift), IF($AA$19=-1, 0, _xlpm.shape))} -> 0 | F8: {=_xlfn.LET(_xlpm.shift, Backend!$K$31, _xlpm.up, Backend!K35, _xlpm.shape, IF(_xlpm.up=11, IF(AND(_xlpm.up=11, INDEX(Backend!5:5,COLUMN(Backend!C5)+_xlpm.shift)=1), 5, " ∎"), INDEX(Backend!5:5,COLUMN(Backend!C5)+_xlpm.shift)), _xlpm.shape)} -> 0 | G8: {=_xlfn.LET(_xlpm.shift, Backend!$K$31, _xlpm.shape, INDEX(Backend!5:5,COLUMN(Backend!D5)+_xlpm.shift), _xlpm.shape)} -> 0 | H8: {=_xlfn.LET(_xlpm.shift, Backend!$K$31, _xlpm.shape, INDEX(Backend!5:5,COLUMN(Backend!E5)+_xlpm.shift), _xlpm.shape)} -> 0 | I8: {=_xlfn.LET(_xlpm.shift, Backend!$K$31, _xlpm.shape, INDEX(Backend!5:5,COLUMN(Backend!F5)+_xlpm.shift), _xlpm.shape)} -> 1 | J8: {=_xlfn.LET(_xlpm.shift, Backend!$K$31, _xlpm.shape, INDEX(Backend!5:5,COLUMN(Backend!G5)+_xlpm.shift), _xlpm.shape)} -> 1 | K8: {=_xlfn.LET(_xlpm.shift, Backend!$K$31, _xlpm.shape, INDEX(Backend!5:5,COLUMN(Backend!H5)+_xlpm.shift), _xlpm.shape)} -> 0 | L8: {=_xlfn.LET(_xlpm.shift, Backend!$K$31, _xlpm.shape, INDEX(Backend!5:5,COLUMN(Backend!I5)+_xlpm.shift), _xlpm.shape)} -> 0 | M8: {=_xlfn.LET(_xlpm.shift, Backend!$K$31, _xlpm.shape, INDEX(Backend!5:5,COLUMN(Backend!J5)+_xlpm.shift), _xlpm.shape)} -> 1 | N8: {=_xlfn.LET(_xlpm.shift, Backend!$K$31, _xlpm.shape, INDEX(Backend!5:5,COLUMN(Backend!K5)+_xlpm.shift), _xlpm.shape)} -> 1 | ... V8: {=_xlfn.LET(_xlpm.shift, Backend!$K$31, _xlpm.shape, INDEX(Backend!5:5,COLUMN(Backend!S5)+_xlpm.shift), _xlpm.shape)} -> 0
D9: {=_xlfn.LET(_xlpm.shift, Backend!$K$31, _xlpm.shape, INDEX(Backend!6:6,COLUMN(Backend!A6)+_xlpm.shift), IF(Backend!$K$31=-1, 0, _xlpm.shape))} -> 0 | E9: {=_xlfn.LET(_xlpm.shift, Backend!$K$31, _xlpm.shape, INDEX(Backend!6:6,COLUMN(Backend!B6)+_xlpm.shift), IF($AA$19=-1, 0, _xlpm.shape))} -> 0 | F9: {=_xlfn.LET(_xlpm.shift, Backend!$K$31, _xlpm.up, Backend!K35, _xlpm.shape, IF(_xlpm.up=10, IF(AND(_xlpm.up=10, INDEX(Backend!6:6,COLUMN(Backend!C6)+_xlpm.shift)=1), 5, " ∎"), INDEX(Backend!6:6,COLUMN(Backend!C6)+_xlpm.shift)), _xlpm.shape)} -> 0 | G9: {=_xlfn.LET(_xlpm.shift, Backend!$K$31, _xlpm.shape, INDEX(Backend!6:6,COLUMN(Backend!D6)+_xlpm.shift), _xlpm.shape)} -> 0 | H9: {=_xlfn.LET(_xlpm.shift, Backend!$K$31, _xlpm.shape, INDEX(Backend!6:6,COLUMN(Backend!E6)+_xlpm.shift), _xlpm.shape)} -> 0 | I9: {=_xlfn.LET(_xlpm.shift, Backend!$K$31, _xlpm.shape, INDEX(Backend!6:6,COLUMN(Backend!F6)+_xlpm.shift), _xlpm.shape)} -> 1 | J9: {=_xlfn.LET(_xlpm.shift, Backend!$K$31, _xlpm.shape, INDEX(Backend!6:6,COLUMN(Backend!G6)+_xlpm.shift), _xlpm.shape)} -> 1 | K9: {=_xlfn.LET(_xlpm.shift, Backend!$K$31, _xlpm.shape, INDEX(Backend!6:6,COLUMN(Backend!H6)+_xlpm.shift), _xlpm.shape)} -> 0 | L9: {=_xlfn.LET(_xlpm.shift, Backend!$K$31, _xlpm.shape, INDEX(Backend!6:6,COLUMN(Backend!I6)+_xlpm.shift), _xlpm.shape)} -> 0 | M9: {=_xlfn.LET(_xlpm.shift, Backend!$K$31, _xlpm.shape, INDEX(Backend!6:6,COLUMN(Backend!J6)+_xlpm.shift), _xlpm.shape)} -> 0 | N9: {=_xlfn.LET(_xlpm.shift, Backend!$K$31, _xlpm.shape, INDEX(Backend!6:6,COLUMN(Backend!K6)+_xlpm.shift), _xlpm.shape)} -> 0 | ... V9: {=_xlfn.LET(_xlpm.shift, Backend!$K$31, _xlpm.shape, INDEX(Backend!6:6,COLUMN(Backend!S6)+_xlpm.shift), _xlpm.shape)} -> 0
D10: {=_xlfn.LET(_xlpm.shift, Backend!$K$31, _xlpm.shape, INDEX(Backend!7:7,COLUMN(Backend!A7)+_xlpm.shift), IF(Backend!$K$31=-1, 0, _xlpm.shape))} -> 0 | E10: {=_xlfn.LET(_xlpm.shift, Backend!$K$31, _xlpm.shape, INDEX(Backend!7:7,COLUMN(Backend!B7)+_xlpm.shift), IF($AA$19=-1, 0, _xlpm.shape))} -> 0 | F10: {=_xlfn.LET(_xlpm.shift, Backend!$K$31, _xlpm.up, Backend!K35, _xlpm.shape, IF(_xlpm.up=9, IF(AND(_xlpm.up=9, INDEX(Backend!7:7,COLUMN(Backend!C7)+_xlpm.shift)=1), 5, " ∎"), INDEX(Backend!7:7,COLUMN(Backend!C7)+_xlpm.shift)), _xlpm.shape)} -> 0 | G10: {=_xlfn.LET(_xlpm.shift, Backend!$K$31, _xlpm.shape, INDEX(Backend!7:7,COLUMN(Backend!D7)+_xlpm.shift), _xlpm.shape)} -> 0 | H10: {=_xlfn.LET(_xlpm.shift, Backend!$K$31, _xlpm.shape, INDEX(Backend!7:7,COLUMN(Backend!E7)+_xlpm.shift), _xlpm.shape)} -> 0 | I10: {=_xlfn.LET(_xlpm.shift, Backend!$K$31, _xlpm.shape, INDEX(Backend!7:7,COLUMN(Backend!F7)+_xlpm.shift), _xlpm.shape)} -> 0 | J10: {=_xlfn.LET(_xlpm.shift, Backend!$K$31, _xlpm.shape, INDEX(Backend!7:7,COLUMN(Backend!G7)+_xlpm.shift), _xlpm.shape)} -> 0 | K10: {=_xlfn.LET(_xlpm.shift, Backend!$K$31, _xlpm.shape, INDEX(Backend!7:7,COLUMN(Backend!H7)+_xlpm.shift), _xlpm.shape)} -> 0 | L10: {=_xlfn.LET(_xlpm.shift, Backend!$K$31, _xlpm.shape, INDEX(Backend!7:7,COLUMN(Backend!I7)+_xlpm.shift), _xlpm.shape)} -> 0 | M10: {=_xlfn.LET(_xlpm.shift, Backend!$K$31, _xlpm.shape, INDEX(Backend!7:7,COLUMN(Backend!J7)+_xlpm.shift), _xlpm.shape)} -> 0 | N10: {=_xlfn.LET(_xlpm.shift, Backend!$K$31, _xlpm.shape, INDEX(Backend!7:7,COLUMN(Backend!K7)+_xlpm.shift), _xlpm.shape)} -> 0 | ... V10: {=_xlfn.LET(_xlpm.shift, Backend!$K$31, _xlpm.shape, INDEX(Backend!7:7,COLUMN(Backend!S7)+_xlpm.shift), _xlpm.shape)} -> 0
D11: {=_xlfn.LET(_xlpm.shift, Backend!$K$31, _xlpm.shape, INDEX(Backend!8:8,COLUMN(Backend!A8)+_xlpm.shift), IF(Backend!$K$31=-1, 0, _xlpm.shape))} -> 0 | E11: {=_xlfn.LET(_xlpm.shift, Backend!$K$31, _xlpm.shape, INDEX(Backend!8:8,COLUMN(Backend!B8)+_xlpm.shift), IF($AA$19=-1, 0, _xlpm.shape))} -> 0 | F11: {=_xlfn.LET(_xlpm.shift, Backend!$K$31, _xlpm.up, Backend!K35, _xlpm.shape, IF(_xlpm.up=8, IF(AND(_xlpm.up=8, INDEX(Backend!8:8,COLUMN(Backend!C8)+_xlpm.shift)=1), 5, " ∎"), INDEX(Backend!8:8,COLUMN(Backend!C8)+_xlpm.shift)), _xlpm.shape)} -> 0 | G11: {=_xlfn.LET(_xlpm.shift, Backend!$K$31, _xlpm.shape, INDEX(Backend!8:8,COLUMN(Backend!D8)+_xlpm.shift), _xlpm.shape)} -> 0 | H11: {=_xlfn.LET(_xlpm.shift, Backend!$K$31, _xlpm.shape, INDEX(Backend!8:8,COLUMN(Backend!E8)+_xlpm.shift), _xlpm.shape)} -> 0 | I11: {=_xlfn.LET(_xlpm.shift, Backend!$K$31, _xlpm.shape, INDEX(Backend!8:8,COLUMN(Backend!F8)+_xlpm.shift), _xlpm.shape)} -> 0 | J11: {=_xlfn.LET(_xlpm.shift, Backend!$K$31, _xlpm.shape, INDEX(Backend!8:8,COLUMN(Backend!G8)+_xlpm.shift), _xlpm.shape)} -> 0 | K11: {=_xlfn.LET(_xlpm.shift, Backend!$K$31, _xlpm.shape, INDEX(Backend!8:8,COLUMN(Backend!H8)+_xlpm.shift), _xlpm.shape)} -> 0 | L11: {=_xlfn.LET(_xlpm.shift, Backend!$K$31, _xlpm.shape, INDEX(Backend!8:8,COLUMN(Backend!I8)+_xlpm.shift), _xlpm.shape)} -> 0 | M11: {=_xlfn.LET(_xlpm.shift, Backend!$K$31, _xlpm.shape, INDEX(Backend!8:8,COLUMN(Backend!J8)+_xlpm.shift), _xlpm.shape)} -> 0 | N11: {=_xlfn.LET(_xlpm.shift, Backend!$K$31, _xlpm.shape, INDEX(Backend!8:8,COLUMN(Backend!K8)+_xlpm.shift), _xlpm.shape)} -> 0 | ... V11: {=_xlfn.LET(_xlpm.shift, Backend!$K$31, _xlpm.shape, INDEX(Backend!8:8,COLUMN(Backend!S8)+_xlpm.shift), _xlpm.shape)} -> 1
D12: {=_xlfn.LET(_xlpm.shift, Backend!$K$31, _xlpm.shape, INDEX(Backend!9:9,COLUMN(Backend!A9)+_xlpm.shift), IF(Backend!$K$31=-1, 0, _xlpm.shape))} -> 0 | E12: {=_xlfn.LET(_xlpm.shift, Backend!$K$31, _xlpm.shape, INDEX(Backend!9:9,COLUMN(Backend!B9)+_xlpm.shift), IF($AA$19=-1, 0, _xlpm.shape))} -> 0 | F12: {=_xlfn.LET(_xlpm.shift, Backend!$K$31, _xlpm.up, Backend!K35, _xlpm.shape, IF(_xlpm.up=7, IF(AND(_xlpm.up=7, INDEX(Backend!9:9,COLUMN(Backend!C9)+_xlpm.shift)=1), 5, " ∎"), INDEX(Backend!9:9,COLUMN(Backend!C9)+_xlpm.shift)), _xlpm.shape)} -> ∎ | G12: {=_xlfn.LET(_xlpm.shift, Backend!$K$31, _xlpm.shape, INDEX(Backend!9:9,COLUMN(Backend!D9)+_xlpm.shift), _xlpm.shape)} -> 0 | H12: {=_xlfn.LET(_xlpm.shift, Backend!$K$31, _xlpm.shape, INDEX(Backend!9:9,COLUMN(Backend!E9)+_xlpm.shift), _xlpm.shape)} -> 0 | I12: {=_xlfn.LET(_xlpm.shift, Backend!$K$31, _xlpm.shape, INDEX(Backend!9:9,COLUMN(Backend!F9)+_xlpm.shift), _xlpm.shape)} -> 0 | J12: {=_xlfn.LET(_xlpm.shift, Backend!$K$31, _xlpm.shape, INDEX(Backend!9:9,COLUMN(Backend!G9)+_xlpm.shift), _xlpm.shape)} -> 0 | K12: {=_xlfn.LET(_xlpm.shift, Backend!$K$31, _xlpm.shape, INDEX(Backend!9:9,COLUMN(Backend!H9)+_xlpm.shift), _xlpm.shape)} -> 0 | L12: {=_xlfn.LET(_xlpm.shift, Backend!$K$31, _xlpm.shape, INDEX(Backend!9:9,COLUMN(Backend!I9)+_xlpm.shift), _xlpm.shape)} -> 0 | M12: {=_xlfn.LET(_xlpm.shift, Backend!$K$31, _xlpm.shape, INDEX(Backend!9:9,COLUMN(Backend!J9)+_xlpm.shift), _xlpm.shape)} -> 0 | N12: {=_xlfn.LET(_xlpm.shift, Backend!$K$31, _xlpm.shape, INDEX(Backend!9:9,COLUMN(Backend!K9)+_xlpm.shift), _xlpm.shape)} -> 0 | ... V12: {=_xlfn.LET(_xlpm.shift, Backend!$K$31, _xlpm.shape, INDEX(Backend!9:9,COLUMN(Backend!S9)+_xlpm.shift), _xlpm.shape)} -> 1
D13: {=_xlfn.LET(_xlpm.shift, Backend!$K$31, _xlpm.shape, INDEX(Backend!10:10,COLUMN(Backend!A10)+_xlpm.shift), IF(Backend!$K$31=-1, 0, _xlpm.shape))} -> 0 | E13: {=_xlfn.LET(_xlpm.shift, Backend!$K$31, _xlpm.shape, INDEX(Backend!10:10,COLUMN(Backend!B10)+_xlpm.shift), IF($AA$19=-1, 0, _xlpm.shape))} -> 0 | F13: {=_xlfn.LET(_xlpm.shift, Backend!$K$31, _xlpm.up, Backend!K35, _xlpm.shape, IF(_xlpm.up=6, IF(AND(_xlpm.up=6, INDEX(Backend!10:10,COLUMN(Backend!C10)+_xlpm.shift)=1), 5," ∎"), INDEX(Backend!10:10,COLUMN(Backend!C10)+_xlpm.shift)), _xlpm.shape)} -> 0 | G13: {=_xlfn.LET(_xlpm.shift, Backend!$K$31, _xlpm.shape, INDEX(Backend!10:10,COLUMN(Backend!D10)+_xlpm.shift), _xlpm.shape)} -> 0 | H13: {=_xlfn.LET(_xlpm.shift, Backend!$K$31, _xlpm.shape, INDEX(Backend!10:10,COLUMN(Backend!E10)+_xlpm.shift), _xlpm.shape)} -> 0 | I13: {=_xlfn.LET(_xlpm.shift, Backend!$K$31, _xlpm.shape, INDEX(Backend!10:10,COLUMN(Backend!F10)+_xlpm.shift), _xlpm.shape)} -> 0 | J13: {=_xlfn.LET(_xlpm.shift, Backend!$K$31, _xlpm.shape, INDEX(Backend!10:10,COLUMN(Backend!G10)+_xlpm.shift), _xlpm.shape)} -> 0 | K13: {=_xlfn.LET(_xlpm.shift, Backend!$K$31, _xlpm.shape, INDEX(Backend!10:10,COLUMN(Backend!H10)+_xlpm.shift), _xlpm.shape)} -> 0 | L13: {=_xlfn.LET(_xlpm.shift, Backend!$K$31, _xlpm.shape, INDEX(Backend!10:10,COLUMN(Backend!I10)+_xlpm.shift), _xlpm.shape)} -> 0 | M13: {=_xlfn.LET(_xlpm.shift, Backend!$K$31, _xlpm.shape, INDEX(Backend!10:10,COLUMN(Backend!J10)+_xlpm.shift), _xlpm.shape)} -> 0 | N13: {=_xlfn.LET(_xlpm.shift, Backend!$K$31, _xlpm.shape, INDEX(Backend!10:10,COLUMN(Backend!K10)+_xlpm.shift), _xlpm.shape)} -> 0 | ... V13: {=_xlfn.LET(_xlpm.shift, Backend!$K$31, _xlpm.shape, INDEX(Backend!10:10,COLUMN(Backend!S10)+_xlpm.shift), _xlpm.shape)} -> 1
D14: {=_xlfn.LET(_xlpm.shift, Backend!$K$31, _xlpm.shape, INDEX(Backend!11:11,COLUMN(Backend!A11)+_xlpm.shift), IF(Backend!$K$31=-1, 0, _xlpm.shape))} -> 0 | E14: {=_xlfn.LET(_xlpm.shift, Backend!$K$31, _xlpm.shape, INDEX(Backend!11:11,COLUMN(Backend!B11)+_xlpm.shift), IF($AA$19=-1, 0, _xlpm.shape))} -> 0 | F14: {=_xlfn.LET(_xlpm.shift, Backend!$K$31, _xlpm.up, Backend!K35, _xlpm.shape, IF(_xlpm.up=5, IF(AND(_xlpm.up=5, INDEX(Backend!11:11,COLUMN(Backend!C11)+_xlpm.shift)=1), 5, " ∎"), INDEX(Backend!11:11,COLUMN(Backend!C11)+_xlpm.shift)), _xlpm.shape)} -> 0 | G14: {=_xlfn.LET(_xlpm.shift, Backend!$K$31, _xlpm.shape, INDEX(Backend!11:11,COLUMN(Backend!D11)+_xlpm.shift), _xlpm.shape)} -> 0 | H14: {=_xlfn.LET(_xlpm.shift, Backend!$K$31, _xlpm.shape, INDEX(Backend!11:11,COLUMN(Backend!E11)+_xlpm.shift), _xlpm.shape)} -> 0 | I14: {=_xlfn.LET(_xlpm.shift, Backend!$K$31, _xlpm.shape, INDEX(Backend!11:11,COLUMN(Backend!F11)+_xlpm.shift), _xlpm.shape)} -> 0 | J14: {=_xlfn.LET(_xlpm.shift, Backend!$K$31, _xlpm.shape, INDEX(Backend!11:11,COLUMN(Backend!G11)+_xlpm.shift), _xlpm.shape)} -> 0 | K14: {=_xlfn.LET(_xlpm.shift, Backend!$K$31, _xlpm.shape, INDEX(Backend!11:11,COLUMN(Backend!H11)+_xlpm.shift), _xlpm.shape)} -> 0 | L14: {=_xlfn.LET(_xlpm.shift, Backend!$K$31, _xlpm.shape, INDEX(Backend!11:11,COLUMN(Backend!I11)+_xlpm.shift), _xlpm.shape)} -> 0 | M14: {=_xlfn.LET(_xlpm.shift, Backend!$K$31, _xlpm.shape, INDEX(Backend!11:11,COLUMN(Backend!J11)+_xlpm.shift), _xlpm.shape)} -> 1 | N14: {=_xlfn.LET(_xlpm.shift, Backend!$K$31, _xlpm.shape, INDEX(Backend!11:11,COLUMN(Backend!K11)+_xlpm.shift), _xlpm.shape)} -> 1 | ... V14: {=_xlfn.LET(_xlpm.shift, Backend!$K$31, _xlpm.shape, INDEX(Backend!11:11,COLUMN(Backend!S11)+_xlpm.shift), _xlpm.shape)} -> 1
D15: {=_xlfn.LET(_xlpm.shift, Backend!$K$31, _xlpm.shape, INDEX(Backend!12:12,COLUMN(Backend!A12)+_xlpm.shift), IF(Backend!$K$31=-1, 0, _xlpm.shape))} -> 0 | E15: {=_xlfn.LET(_xlpm.shift, Backend!$K$31, _xlpm.shape, INDEX(Backend!12:12,COLUMN(Backend!B12)+_xlpm.shift), IF($AA$19=-1, 0, _xlpm.shape))} -> 0 | F15: {=_xlfn.LET(_xlpm.shift, Backend!$K$31, _xlpm.up, Backend!K35, _xlpm.shape, IF(_xlpm.up=4, IF(AND(_xlpm.up=4, INDEX(Backend!12:12,COLUMN(Backend!C12)+_xlpm.shift)=1), 5, " ∎"), INDEX(Backend!12:12,COLUMN(Backend!C12)+_xlpm.shift)), _xlpm.shape)} -> 0 | G15: {=_xlfn.LET(_xlpm.shift, Backend!$K$31, _xlpm.shape, INDEX(Backend!12:12,COLUMN(Backend!D12)+_xlpm.shift), _xlpm.shape)} -> 0 | H15: {=_xlfn.LET(_xlpm.shift, Backend!$K$31, _xlpm.shape, INDEX(Backend!12:12,COLUMN(Backend!E12)+_xlpm.shift), _xlpm.shape)} -> 0 | I15: {=_xlfn.LET(_xlpm.shift, Backend!$K$31, _xlpm.shape, INDEX(Backend!12:12,COLUMN(Backend!F12)+_xlpm.shift), _xlpm.shape)} -> 1 | J15: {=_xlfn.LET(_xlpm.shift, Backend!$K$31, _xlpm.shape, INDEX(Backend!12:12,COLUMN(Backend!G12)+_xlpm.shift), _xlpm.shape)} -> 1 | K15: {=_xlfn.LET(_xlpm.shift, Backend!$K$31, _xlpm.shape, INDEX(Backend!12:12,COLUMN(Backend!H12)+_xlpm.shift), _xlpm.shape)} -> 0 | L15: {=_xlfn.LET(_xlpm.shift, Backend!$K$31, _xlpm.shape, INDEX(Backend!12:12,COLUMN(Backend!I12)+_xlpm.shift), _xlpm.shape)} -> 0 | M15: {=_xlfn.LET(_xlpm.shift, Backend!$K$31, _xlpm.shape, INDEX(Backend!12:12,COLUMN(Backend!J12)+_xlpm.shift), _xlpm.shape)} -> 1 | N15: {=_xlfn.LET(_xlpm.shift, Backend!$K$31, _xlpm.shape, INDEX(Backend!12:12,COLUMN(Backend!K12)+_xlpm.shift), _xlpm.shape)} -> 1 | ... V15: {=_xlfn.LET(_xlpm.shift, Backend!$K$31, _xlpm.shape, INDEX(Backend!12:12,COLUMN(Backend!S12)+_xlpm.shift), _xlpm.shape)} -> 1
D16: {=_xlfn.LET(_xlpm.shift, Backend!$K$31, _xlpm.shape, INDEX(Backend!13:13,COLUMN(Backend!A13)+_xlpm.shift), IF(Backend!$K$31=-1, 0, _xlpm.shape))} -> 0 | E16: {=_xlfn.LET(_xlpm.shift, Backend!$K$31, _xlpm.shape, INDEX(Backend!13:13,COLUMN(Backend!B13)+_xlpm.shift), IF($AA$19=-1, 0, _xlpm.shape))} -> 0 | F16: {=_xlfn.LET(_xlpm.shift, Backend!$K$31, _xlpm.up, Backend!K35, _xlpm.shape, IF(_xlpm.up=3, IF(AND(_xlpm.up=3, INDEX(Backend!13:13,COLUMN(Backend!C13)+_xlpm.shift)=1), 5," ∎"), INDEX(Backend!13:13,COLUMN(Backend!C13)+_xlpm.shift)), _xlpm.shape)} -> 0 | G16: {=_xlfn.LET(_xlpm.shift, Backend!$K$31, _xlpm.shape, INDEX(Backend!13:13,COLUMN(Backend!D13)+_xlpm.shift), _xlpm.shape)} -> 0 | H16: {=_xlfn.LET(_xlpm.shift, Backend!$K$31, _xlpm.shape, INDEX(Backend!13:13,COLUMN(Backend!E13)+_xlpm.shift), _xlpm.shape)} -> 0 | I16: {=_xlfn.LET(_xlpm.shift, Backend!$K$31, _xlpm.shape, INDEX(Backend!13:13,COLUMN(Backend!F13)+_xlpm.shift), _xlpm.shape)} -> 1 | J16: {=_xlfn.LET(_xlpm.shift, Backend!$K$31, _xlpm.shape, INDEX(Backend!13:13,COLUMN(Backend!G13)+_xlpm.shift), _xlpm.shape)} -> 1 | K16: {=_xlfn.LET(_xlpm.shift, Backend!$K$31, _xlpm.shape, INDEX(Backend!13:13,COLUMN(Backend!H13)+_xlpm.shift), _xlpm.shape)} -> 0 | L16: {=_xlfn.LET(_xlpm.shift, Backend!$K$31, _xlpm.shape, INDEX(Backend!13:13,COLUMN(Backend!I13)+_xlpm.shift), _xlpm.shape)} -> 0 | M16: {=_xlfn.LET(_xlpm.shift, Backend!$K$31, _xlpm.shape, INDEX(Backend!13:13,COLUMN(Backend!J13)+_xlpm.shift), _xlpm.shape)} -> 1 | N16: {=_xlfn.LET(_xlpm.shift, Backend!$K$31, _xlpm.shape, INDEX(Backend!13:13,COLUMN(Backend!K13)+_xlpm.shift), _xlpm.shape)} -> 1 | ... V16: {=_xlfn.LET(_xlpm.shift, Backend!$K$31, _xlpm.shape, INDEX(Backend!13:13,COLUMN(Backend!S13)+_xlpm.shift), _xlpm.shape)} -> 1
D17: {=_xlfn.LET(_xlpm.shift, Backend!$K$31, _xlpm.shape, INDEX(Backend!14:14,COLUMN(Backend!A14)+_xlpm.shift), IF(Backend!$K$31=-1, 0, _xlpm.shape))} -> 0 | E17: {=_xlfn.LET(_xlpm.shift, Backend!$K$31, _xlpm.shape, INDEX(Backend!14:14,COLUMN(Backend!B14)+_xlpm.shift), IF($AA$19=-1, 0, _xlpm.shape))} -> 0 | F17: {=_xlfn.LET(_xlpm.shift, Backend!$K$31, _xlpm.up, Backend!K35, _xlpm.shape, IF(_xlpm.up=2, IF(AND(_xlpm.up=2, INDEX(Backend!14:14,COLUMN(Backend!C14)+_xlpm.shift)=1), 5, " ∎"), INDEX(Backend!14:14,COLUMN(Backend!C14)+_xlpm.shift)), _xlpm.shape)} -> 0 | G17: {=_xlfn.LET(_xlpm.shift, Backend!$K$31, _xlpm.shape, INDEX(Backend!14:14,COLUMN(Backend!D14)+_xlpm.shift), _xlpm.shape)} -> 0 | H17: {=_xlfn.LET(_xlpm.shift, Backend!$K$31, _xlpm.shape, INDEX(Backend!14:14,COLUMN(Backend!E14)+_xlpm.shift), _xlpm.shape)} -> 0 | I17: {=_xlfn.LET(_xlpm.shift, Backend!$K$31, _xlpm.shape, INDEX(Backend!14:14,COLUMN(Backend!F14)+_xlpm.shift), _xlpm.shape)} -> 1 | J17: {=_xlfn.LET(_xlpm.shift, Backend!$K$31, _xlpm.shape, INDEX(Backend!14:14,COLUMN(Backend!G14)+_xlpm.shift), _xlpm.shape)} -> 1 | K17: {=_xlfn.LET(_xlpm.shift, Backend!$K$31, _xlpm.shape, INDEX(Backend!14:14,COLUMN(Backend!H14)+_xlpm.shift), _xlpm.shape)} -> 0 | L17: {=_xlfn.LET(_xlpm.shift, Backend!$K$31, _xlpm.shape, INDEX(Backend!14:14,COLUMN(Backend!I14)+_xlpm.shift), _xlpm.shape)} -> 0 | M17: {=_xlfn.LET(_xlpm.shift, Backend!$K$31, _xlpm.shape, INDEX(Backend!14:14,COLUMN(Backend!J14)+_xlpm.shift), _xlpm.shape)} -> 1 | N17: {=_xlfn.LET(_xlpm.shift, Backend!$K$31, _xlpm.shape, INDEX(Backend!14:14,COLUMN(Backend!K14)+_xlpm.shift), _xlpm.shape)} -> 1 | ... V17: {=_xlfn.LET(_xlpm.shift, Backend!$K$31, _xlpm.shape, INDEX(Backend!14:14,COLUMN(Backend!S14)+_xlpm.shift), _xlpm.shape)} -> 1
D18: {=_xlfn.LET(_xlpm.shift, Backend!$K$31, _xlpm.shape, INDEX(Backend!15:15,COLUMN(Backend!A15)+_xlpm.shift), IF(Backend!$K$31=-1, 0, _xlpm.shape))} -> 0 | E18: {=_xlfn.LET(_xlpm.shift, Backend!$K$31, _xlpm.shape, INDEX(Backend!15:15,COLUMN(Backend!B15)+_xlpm.shift), IF($AA$19=-1, 0, _xlpm.shape))} -> 0 | F18: {=_xlfn.LET(_xlpm.shift, Backend!$K$31, _xlpm.up, Backend!K35, _xlpm.shape, IF(_xlpm.up=1, IF(AND(_xlpm.up=1, INDEX(Backend!15:15,COLUMN(Backend!C15)+_xlpm.shift)=1), 5, " ∎"), INDEX(Backend!15:15,COLUMN(Backend!C15)+_xlpm.shift)), _xlpm.shape)} -> 0 | G18: {=_xlfn.LET(_xlpm.shift, Backend!$K$31, _xlpm.shape, INDEX(Backend!15:15,COLUMN(Backend!D15)+_xlpm.shift), _xlpm.shape)} -> 0 | H18: {=_xlfn.LET(_xlpm.shift, Backend!$K$31, _xlpm.shape, INDEX(Backend!15:15,COLUMN(Backend!E15)+_xlpm.shift), _xlpm.shape)} -> 0 | I18: {=_xlfn.LET(_xlpm.shift, Backend!$K$31, _xlpm.shape, INDEX(Backend!15:15,COLUMN(Backend!F15)+_xlpm.shift), _xlpm.shape)} -> 1 | J18: {=_xlfn.LET(_xlpm.shift, Backend!$K$31, _xlpm.shape, INDEX(Backend!15:15,COLUMN(Backend!G15)+_xlpm.shift), _xlpm.shape)} -> 1 | K18: {=_xlfn.LET(_xlpm.shift, Backend!$K$31, _xlpm.shape, INDEX(Backend!15:15,COLUMN(Backend!H15)+_xlpm.shift), _xlpm.shape)} -> 0 | L18: {=_xlfn.LET(_xlpm.shift, Backend!$K$31, _xlpm.shape, INDEX(Backend!15:15,COLUMN(Backend!I15)+_xlpm.shift), _xlpm.shape)} -> 0 | M18: {=_xlfn.LET(_xlpm.shift, Backend!$K$31, _xlpm.shape, INDEX(Backend!15:15,COLUMN(Backend!J15)+_xlpm.shift), _xlpm.shape)} -> 1 | N18: {=_xlfn.LET(_xlpm.shift, Backend!$K$31, _xlpm.shape, INDEX(Backend!15:15,COLUMN(Backend!K15)+_xlpm.shift), _xlpm.shape)} -> 1 | ... V18: {=_xlfn.LET(_xlpm.shift, Backend!$K$31, _xlpm.shape, INDEX(Backend!15:15,COLUMN(Backend!S15)+_xlpm.shift), _xlpm.shape)} -> 1
D19: {=_xlfn.LET(_xlpm.shift, Backend!$K$31, _xlpm.shape, INDEX(Backend!16:16,COLUMN(Backend!A16)+_xlpm.shift), IF(Backend!$K$31=-1, 0, _xlpm.shape))} -> 0 | E19: {=_xlfn.LET(_xlpm.shift, Backend!$K$31, _xlpm.shape, INDEX(Backend!16:16,COLUMN(Backend!B16)+_xlpm.shift), IF($AA$19=-1, 0, _xlpm.shape))} -> 0 | F19: {=_xlfn.LET(_xlpm.shift, Backend!$K$31, _xlpm.up, Backend!K35, _xlpm.shape, IF(_xlpm.up=0, IF(AND(_xlpm.up=0, INDEX(Backend!16:16,COLUMN(Backend!C16)+_xlpm.shift)=1), 5, " ∎"), INDEX(Backend!16:16,COLUMN(Backend!C16)+_xlpm.shift)), _xlpm.shape)} -> 0 | G19: {=_xlfn.LET(_xlpm.shift, Backend!$K$31, _xlpm.shape, INDEX(Backend!16:16,COLUMN(Backend!D16)+_xlpm.shift), _xlpm.shape)} -> 0 | H19: {=_xlfn.LET(_xlpm.shift, Backend!$K$31, _xlpm.shape, INDEX(Backend!16:16,COLUMN(Backend!E16)+_xlpm.shift), _xlpm.shape)} -> 0 | I19: {=_xlfn.LET(_xlpm.shift, Backend!$K$31, _xlpm.shape, INDEX(Backend!16:16,COLUMN(Backend!F16)+_xlpm.shift), _xlpm.shape)} -> 1 | J19: {=_xlfn.LET(_xlpm.shift, Backend!$K$31, _xlpm.shape, INDEX(Backend!16:16,COLUMN(Backend!G16)+_xlpm.shift), _xlpm.shape)} -> 1 | K19: {=_xlfn.LET(_xlpm.shift, Backend!$K$31, _xlpm.shape, INDEX(Backend!16:16,COLUMN(Backend!H16)+_xlpm.shift), _xlpm.shape)} -> 0 | L19: {=_xlfn.LET(_xlpm.shift, Backend!$K$31, _xlpm.shape, INDEX(Backend!16:16,COLUMN(Backend!I16)+_xlpm.shift), _xlpm.shape)} -> 0 | M19: {=_xlfn.LET(_xlpm.shift, Backend!$K$31, _xlpm.shape, INDEX(Backend!16:16,COLUMN(Backend!J16)+_xlpm.shift), _xlpm.shape)} -> 1 | N19: {=_xlfn.LET(_xlpm.shift, Backend!$K$31, _xlpm.shape, INDEX(Backend!16:16,COLUMN(Backend!K16)+_xlpm.shift), _xlpm.shape)} -> 1 | ... V19: {=_xlfn.LET(_xlpm.shift, Backend!$K$31, _xlpm.shape, INDEX(Backend!16:16,COLUMN(Backend!S16)+_xlpm.shift), _xlpm.shape)} -> 1
D20: FALSE | E20: FALSE | F20: FALSE | G20: FALSE | H20: FALSE | I20: FALSE | J20: FALSE | K20: TRUE | L20: FALSE | M20: FALSE | N20: TRUE | O20: TRUE | P20: FALSE | Q20: =IF(V20=FALSE, " Click to start", "Click to restart") -> Click to restart | V20: TRUE
B21: Back
O25: %

Sheet 2048
A1: 2048
B2: 0 | C2: 0 | D2: 2 | E2: 0
B3: 0 | C3: 0 | D3: 0 | E3: 0 | H3: 0 | I3: 4132
B4: 0 | C4: 0 | D4: 0 | E4: 0
B5: 2 | C5: 0 | D5: 0 | E5: 0
H6: Playing
B8: Move in Direction: | D8: Select
A9: Back

Sheet Backend
A1: {=_xlfn.SEQUENCE(1,300)} -> 1 | B1: 2 | C1: 3 | D1: 4 | E1: 5 | F1: 6 | G1: 7 | H1: 8 | I1: 9 | J1: 10 | K1: 11 | L1: 12 | M1: 13 | N1: 14 | O1: 15 | P1: 16 | Q1: 17 | R1: 18 | S1: 19 | T1: 20 | U1: 21 | V1: 22 | W1: 23 | X1: 24 | Y1: 25 | Z1: 26 | AA1: 27 | AB1: 28 | AC1: 29 | AD1: 30 | AE1: 31 | AF1: 32 | AG1: 33 | AH1: 34 | AI1: 35 | AJ1: 36 | AK1: 37 | AL1: 38 | AM1: 39 | AN1: 40 | AO1: 41 | AP1: 42 | AQ1: 43 | AR1: 44 | AS1: 45 | AT1: 46 | AU1: 47 | AV1: 48 | AW1: 49 | AX1: 50 | AY1: 51 | AZ1: 52 | BA1: 53 | BB1: 54 | BC1: 55 | BD1: 56 | BE1: 57 | BF1: 58 | BG1: 59 | BH1: 60 | BI1: 61 | BJ1: 62 | BK1: 63 | BL1: 64 | BM1: 65 | BN1: 66 | BO1: 67 | BP1: 68 | BQ1: 69 | BR1: 70 | BS1: 71 | BT1: 72 | BU1: 73 | BV1: 74 | BW1: 75 | BX1: 76 | BY1: 77 | BZ1: 78 | CA1: 79 | CB1: 80 | CC1: 81 | CD1: 82 | CE1: 83 | CF1: 84 | CG1: 85 | CH1: 86 | CI1: 87 | CJ1: 88 | CK1: 89 | CL1: 90 | CM1: 91 | CN1: 92 | CO1: 93 | CP1: 94 | CQ1: 95 | CR1: 96 | CS1: 97 | CT1: 98 | CU1: 99 | CV1: 100 | CW1: 101 | CX1: 102 | CY1: 103 | CZ1: 104 | DA1: 105 | DB1: 106 | DC1: 107 | DD1: 108 | DE1: 109 | DF1: 110 | DG1: 111 | DH1: 112 | DI1: 113 | DJ1: 114 | DK1: 115 | DL1: 116 | DM1: 117 | DN1: 118 | DO1: 119 | DP1: 120 | DQ1: 121 | DR1: 122 | DS1: 123 | DT1: 124 | DU1: 125 | DV1: 126 | DW1: 127 | DX1: 128 | DY1: 129 | DZ1: 130 | EA1: 131 | EB1: 132 | EC1: 133 | ED1: 134 | EE1: 135 | EF1: 136 | EG1: 137 | EH1: 138 | EI1: 139 | EJ1: 140 | EK1: 141 | EL1: 142 | EM1: 143 | EN1: 144 | EO1: 145 | EP1: 146 | EQ1: 147 | ER1: 148 | ES1: 149 | ET1: 150 | EU1: 151 | EV1: 152 | EW1: 153 | EX1: 154 | EY1: 155 | EZ1: 156 | FA1: 157 | FB1: 158 | FC1: 159 | FD1: 160 | FE1: 161 | FF1: 162 | FG1: 163 | FH1: 164 | FI1: 165 | FJ1: 166 | FK1: 167 | FL1: 168 | FM1: 169 | FN1: 170 | FO1: 171 | FP1: 172 | FQ1: 173 | FR1: 174 | FS1: 175 | FT1: 176 | FU1: 177 | FV1: 178 | FW1: 179 | FX1: 180 | FY1: 181 | FZ1: 182 | GA1: 183 | GB1: 184 | GC1: 185 | GD1: 186 | GE1: 187 | GF1: 188 | GG1: 189 | GH1: 190 | GI1: 191 | GJ1: 192 | GK1: 193 | GL1: 194 | GM1: 195 | GN1: 196 | GO1: 197 | GP1: 198 | GQ1: 199 | GR1: 200 | GS1: 201 | GT1: 202 | GU1: 203 | GV1: 204 | GW1: 205 | GX1: 206 | GY1: 207 | GZ1: 208 | HA1: 209 | HB1: 210 | HC1: 211 | HD1: 212 | HE1: 213 | HF1: 214 | HG1: 215 | HH1: 216 | HI1: 217 | HJ1: 218 | HK1: 219 | HL1: 220 | HM1: 221 | HN1: 222 | HO1: 223 | HP1: 224 | HQ1: 225 | HR1: 226 | HS1: 227 | HT1: 228 | HU1: 229 | HV1: 230 | HW1: 231 | HX1: 232 | HY1: 233 | HZ1: 234 | IA1: 235 | IB1: 236 | IC1: 237 | ID1: 238 | IE1: 239 | IF1: 240 | IG1: 241 | IH1: 242 | II1: 243 | IJ1: 244 | IK1: 245 | IL1: 246 | IM1: 247 | IN1: 248 | IO1: 249 | IP1: 250 | IQ1: 251 | IR1: 252 | IS1: 253 | IT1: 254 | IU1: 255 | IV1: 256 | IW1: 257 | IX1: 258 | IY1: 259 | IZ1: 260 | JA1: 261 | JB1: 262 | JC1: 263 | JD1: 264 | JE1: 265 | JF1: 266 | JG1: 267 | JH1: 268 | JI1: 269 | JJ1: 270 | JK1: 271 | JL1: 272 | JM1: 273 | JN1: 274 | JO1: 275 | JP1: 276 | JQ1: 277 | JR1: 278 | JS1: 279 | JT1: 280 | JU1: 281 | JV1: 282 | JW1: 283 | JX1: 284 | JY1: 285 | JZ1: 286 | KA1: 287 | KB1: 288 | KC1: 289 | KD1: 290 | KE1: 291 | KF1: 292 | KG1: 293 | KH1: 294 | KI1: 295 | KJ1: 296 | KK1: 297 | KL1: 298 | KM1: 299 | KN1: 300
A2: 0 | B2: 0 | C2: {=IF(MOD(COLUMN()-1,4)<2, IF(AND(ROW()>=INDEX($A$22:$KN$22, COLUMN()), ROW()<INDEX($A$22:$KN$22, COLUMN())+3), 0, 1), 0)} -> 0 | D2: {=IF(MOD(COLUMN()-1,4)<2, IF(AND(ROW()>=INDEX($A$22:$KN$22, COLUMN()), ROW()<INDEX($A$22:$KN$22, COLUMN())+3), 0, 1), 0)} -> 0 | E2: {=IF(MOD(COLUMN()-1,4)<2, IF(AND(ROW()>=INDEX($A$22:$KN$22, COLUMN()), ROW()<INDEX($A$22:$KN$22, COLUMN())+5), 0, 1), 0)} -> 1 | F2: {=IF(MOD(COLUMN()-1,4)<2, IF(AND(ROW()>=INDEX($A$22:$KN$22, COLUMN()), ROW()<INDEX($A$22:$KN$22, COLUMN())+5), 0, 1), 0)} -> 1 | G2: {=IF(MOD(COLUMN()-1,4)<2, IF(AND(ROW()>=INDEX($A$22:$KN$22, COLUMN()), ROW()<INDEX($A$22:$KN$22, COLUMN())+5), 0, 1), 0)} -> 0 | H2: {=IF(MOD(COLUMN()-1,4)<2, IF(AND(ROW()>=INDEX($A$22:$KN$22, COLUMN()), ROW()<INDEX($A$22:$KN$22, COLUMN())+5), 0, 1), 0)} -> 0 | I2: {=IF(MOD(COLUMN()-1,4)<2, IF(AND(ROW()>=INDEX($A$22:$KN$22, COLUMN()), ROW()<INDEX($A$22:$KN$22, COLUMN())+5), 0, 1), 0)} -> 1 | J2: {=IF(MOD(COLUMN()-1,4)<2, IF(AND(ROW()>=INDEX($A$22:$KN$22, COLUMN()), ROW()<INDEX($A$22:$KN$22, COLUMN())+5), 0, 1), 0)} -> 1 | K2: {=IF(MOD(COLUMN()-1,4)<2, IF(AND(ROW()>=INDEX($A$22:$KN$22, COLUMN()), ROW()<INDEX($A$22:$KN$22, COLUMN())+5), 0, 1), 0)} -> 0 | L2: {=IF(MOD(COLUMN()-1,4)<2, IF(AND(ROW()>=INDEX($A$22:$KN$22, COLUMN()), ROW()<INDEX($A$22:$KN$22, COLUMN())+5), 0, 1), 0)} -> 0 | ... N2: {=IF(MOD(COLUMN()-1,4)<2, IF(AND(ROW()>=INDEX($A$22:$KN$22, COLUMN()), ROW()<INDEX($A$22:$KN$22, COLUMN())+5), 0, 1), 0)} -> 1 | O2: {=IF(MOD(COLUMN()-1,4)<2, IF(AND(ROW()>=INDEX($A$22:$KN$22, COLUMN()), ROW()<INDEX($A$22:$KN$22, COLUMN())+3), 0, 1), 0)} -> 0 | P2: {=IF(MOD(COLUMN()-1,4)<2, IF(AND(ROW()>=INDEX($A$22:$KN$22, COLUMN()), ROW()<INDEX($A$22:$KN$22, COLUMN())+3), 0, 1), 0)} -> 0 | Q2: {=IF(MOD(COLUMN()-1,4)<2, IF(AND(ROW()>=INDEX($A$22:$KN$22, COLUMN()), ROW()<INDEX($A$22:$KN$22, COLUMN())+4), 0, 1), 0)} -> 1 | R2: {=IF(MOD(COLUMN()-1,4)<2, IF(AND(ROW()>=INDEX($A$22:$KN$22, COLUMN()), ROW()<INDEX($A$22:$KN$22, COLUMN())+4), 0, 1), 0)} -> 1 | S2: {=IF(MOD(COLUMN()-1,4)<2, IF(AND(ROW()>=INDEX($A$22:$KN$22, COLUMN()), ROW()<INDEX($A$22:$KN$22, COLUMN())+4), 0, 1), 0)} -> 0 | T2: {=IF(MOD(COLUMN()-1,4)<2, IF(AND(ROW()>=INDEX($A$22:$KN$22, COLUMN()), ROW()<INDEX($A$22:$KN$22, COLUMN())+4), 0, 1), 0)} -> 0 | U2: {=IF(MOD(COLUMN()-1,4)<2, IF(AND(ROW()>=INDEX($A$22:$KN$22, COLUMN()), ROW()<INDEX($A$22:$KN$22, COLUMN())+4), 0, 1), 0)} -> 1 | V2: {=IF(MOD(COLUMN()-1,4)<2, IF(AND(ROW()>=INDEX($A$22:$KN$22, COLUMN()), ROW()<INDEX($A$22:$KN$22, COLUMN())+4), 0, 1), 0)} -> 1 | W2: {=IF(MOD(COLUMN()-1,4)<2, IF(AND(ROW()>=INDEX($A$22:$KN$22, COLUMN()), ROW()<INDEX($A$22:$KN$22, COLUMN())+4), 0, 1), 0)} -> 0 | X2: {=IF(MOD(COLUMN()-1,4)<2, IF(AND(ROW()>=INDEX($A$22:$KN$22, COLUMN()), ROW()<INDEX($A$22:$KN$22, COLUMN())+4), 0, 1), 0)} -> 0 | ... AL2: {=IF(MOD(COLUMN()-1,4)<2, IF(AND(ROW()>=INDEX($A$22:$KN$22, COLUMN()), ROW()<INDEX($A$22:$KN$22, COLUMN())+4), 0, 1), 0)} -> 1 | AM2: {=IF(MOD(COLUMN()-1,4)<2, IF(AND(ROW()>=INDEX($A$22:$KN$22, COLUMN()), ROW()<INDEX($A$22:$KN$22, COLUMN())+3), 0, 1), 0)} -> 0 | AN2: {=IF(MOD(COLUMN()-1,4)<2, IF(AND(ROW()>=INDEX($A$22:$KN$22, COLUMN()), ROW()<INDEX($A$22:$KN$22, COLUMN())+3), 0, 1), 0)} -> 0 | AO2: {=IF(MOD(COLUMN()-1,4)<2, IF(AND(ROW()>=INDEX($A$22:$KN$22, COLUMN()), ROW()<INDEX($A$22:$KN$22, COLUMN())+3), 0, 1), 0)} -> 1 | AP2: {=IF(MOD(COLUMN()-1,4)<2, IF(AND(ROW()>=INDEX($A$22:$KN$22, COLUMN()), ROW()<INDEX($A$22:$KN$22, COLUMN())+3), 0, 1), 0)} -> 1 | AQ2: {=IF(MOD(COLUMN()-1,4)<2, IF(AND(ROW()>=INDEX($A$22:$KN$22, COLUMN()), ROW()<INDEX($A$22:$KN$22, COLUMN())+3), 0, 1), 0)} -> 0 | AR2: {=IF(MOD(COLUMN()-1,4)<2, IF(AND(ROW()>=INDEX($A$22:$KN$22, COLUMN()), ROW()<INDEX($A$22:$KN$22, COLUMN())+3), 0, 1), 0)} -> 0 | AS2: {=IF(MOD(COLUMN()-1,4)<2, IF(AND(ROW()>=INDEX($A$22:$KN$22, COLUMN()), ROW()<INDEX($A$22:$KN$22, COLUMN())+3), 0, 1), 0)} -> 1 | AT2: {=IF(MOD(COLUMN()-1,4)<2, IF(AND(ROW()>=INDEX($A$22:$KN$22, COLUMN()), ROW()<INDEX($A$22:$KN$22, COLUMN())+3), 0, 1), 0)} -> 1 | ... BX2: {=IF(MOD(COLUMN()-1,4)<2, IF(AND(ROW()>=INDEX($A$22:$KN$22, COLUMN()), ROW()<INDEX($A$22:$KN$22, COLUMN())+3), 0, 1), 0)} -> 0 | BY2: {=IF(MOD(COLUMN()-1,4)<2, IF(AND(ROW()>=INDEX($A$22:$KN$22, COLUMN()), ROW()<INDEX($A$22:$KN$22, COLUMN())+2), 0, 1), 0)} -> 1 | BZ2: {=IF(MOD(COLUMN()-1,4)<2, IF(AND(ROW()>=INDEX($A$22:$KN$22, COLUMN()), ROW()<INDEX($A$22:$KN$22, COLUMN())+2), 0, 1), 0)} -> 1 | CA2: {=IF(MOD(COLUMN()-1,4)<2, IF(AND(ROW()>=INDEX($A$22:$KN$22, COLUMN()), ROW()<INDEX($A$22:$KN$22, COLUMN())+2), 0, 1), 0)} -> 0 | CB2: {=IF(MOD(COLUMN()-1,4)<2, IF(AND(ROW()>=INDEX($A$22:$KN$22, COLUMN()), ROW()<INDEX($A$22:$KN$22, COLUMN())+2), 0, 1), 0)} -> 0 | CC2: {=IF(MOD(COLUMN()-1,4)<2, IF(AND(ROW()>=INDEX($A$22:$KN$22, COLUMN()), ROW()<INDEX($A$22:$KN$22, COLUMN())+2), 0, 1), 0)} -> 1 | CD2: {=IF(MOD(COLUMN()-1,4)<2, IF(AND(ROW()>=INDEX($A$22:$KN$22, COLUMN()), ROW()<INDEX($A$22:$KN$22, COLUMN())+2), 0, 1), 0)} -> 1 | CE2: {=IF(MOD(COLUMN()-1,4)<2, IF(AND(ROW()>=INDEX($A$22:$KN$22, COLUMN()), ROW()<INDEX($A$22:$KN$22, COLUMN())+2), 0, 1), 0)} -> 0 | CF2: {=IF(MOD(COLUMN()-1,4)<2, IF(AND(ROW()>=INDEX($A$22:$KN$22, COLUMN()), ROW()<INDEX($A$22:$KN$22, COLUMN())+2), 0, 1), 0)} -> 0 | ... KN2: {=IF(MOD(COLUMN()-1,4)<2, IF(AND(ROW()>=INDEX($A$22:$KN$22, COLUMN()), ROW()<INDEX($A$22:$KN$22, COLUMN())+2), 0, 1), 0)} -> 0
A3: 0 | B3: 0 | C3: {=IF(MOD(COLUMN()-1,4)<2, IF(AND(ROW()>=INDEX($A$22:$KN$22, COLUMN()), ROW()<INDEX($A$22:$KN$22, COLUMN())+3), 0, 1), 0)} -> 0 | D3: {=IF(MOD(COLUMN()-1,4)<2, IF(AND(ROW()>=INDEX($A$22:$KN$22, COLUMN()), ROW()<INDEX($A$22:$KN$22, COLUMN())+3), 0, 1), 0)} -> 0 | E3: {=IF(MOD(COLUMN()-1,4)<2, IF(AND(ROW()>=INDEX($A$22:$KN$22, COLUMN()), ROW()<INDEX($A$22:$KN$22, COLUMN())+5), 0, 1), 0)} -> 1 | F3: {=IF(MOD(COLUMN()-1,4)<2, IF(AND(ROW()>=INDEX($A$22:$KN$22, COLUMN()), ROW()<INDEX($A$22:$KN$22, COLUMN())+5), 0, 1), 0)} -> 1 | G3: {=IF(MOD(COLUMN()-1,4)<2, IF(AND(ROW()>=INDEX($A$22:$KN$22, COLUMN()), ROW()<INDEX($A$22:$KN$22, COLUMN())+5), 0, 1), 0)} -> 0 | H3: {=IF(MOD(COLUMN()-1,4)<2, IF(AND(ROW()>=INDEX($A$22:$KN$22, COLUMN()), ROW()<INDEX($A$22:$KN$22, COLUMN())+5), 0, 1), 0)} -> 0 | I3: {=IF(MOD(COLUMN()-1,4)<2, IF(AND(ROW()>=INDEX($A$22:$KN$22, COLUMN()), ROW()<INDEX($A$22:$KN$22, COLUMN())+5), 0, 1), 0)} -> 1 | J3: {=IF(MOD(COLUMN()-1,4)<2, IF(AND(ROW()>=INDEX($A$22:$KN$22, COLUMN()), ROW()<INDEX($A$22:$KN$22, COLUMN())+5), 0, 1), 0)} -> 1 | K3: {=IF(MOD(COLUMN()-1,4)<2, IF(AND(ROW()>=INDEX($A$22:$KN$22, COLUMN()), ROW()<INDEX($A$22:$KN$22, COLUMN())+5), 0, 1), 0)} -> 0 | L3: {=IF(MOD(COLUMN()-1,4)<2, IF(AND(ROW()>=INDEX($A$22:$KN$22, COLUMN()), ROW()<INDEX($A$22:$KN$22, COLUMN())+5), 0, 1), 0)} -> 0 | ... N3: {=IF(MOD(COLUMN()-1,4)<2, IF(AND(ROW()>=INDEX($A$22:$KN$22, COLUMN()), ROW()<INDEX($A$22:$KN$22, COLUMN())+5), 0, 1), 0)} -> 1 | O3: {=IF(MOD(COLUMN()-1,4)<2, IF(AND(ROW()>=INDEX($A$22:$KN$22, COLUMN()), ROW()<INDEX($A$22:$KN$22, COLUMN())+3), 0, 1), 0)} -> 0 | P3: {=IF(MOD(COLUMN()-1,4)<2, IF(AND(ROW()>=INDEX($A$22:$KN$22, COLUMN()), ROW()<INDEX($A$22:$KN$22, COLUMN())+3), 0, 1), 0)} -> 0 | Q3: {=IF(MOD(COLUMN()-1,4)<2, IF(AND(ROW()>=INDEX($A$22:$KN$22, COLUMN()), ROW()<INDEX($A$22:$KN$22, COLUMN())+4), 0, 1), 0)} -> 1 | R3: {=IF(MOD(COLUMN()-1,4)<2, IF(AND(ROW()>=INDEX($A$22:$KN$22, COLUMN()), ROW()<INDEX($A$22:$KN$22, COLUMN())+4), 0, 1), 0)} -> 1 | S3: {=IF(MOD(COLUMN()-1,4)<2, IF(AND(ROW()>=INDEX($A$22:$KN$22, COLUMN()), ROW()<INDEX($A$22:$KN$22, COLUMN())+4), 0, 1), 0)} -> 0 | T3: {=IF(MOD(COLUMN()-1,4)<2, IF(AND(ROW()>=INDEX($A$22:$KN$22, COLUMN()), ROW()<INDEX($A$22:$KN$22, COLUMN())+4), 0, 1), 0)} -> 0 | U3: {=IF(MOD(COLUMN()-1,4)<2, IF(AND(ROW()>=INDEX($A$22:$KN$22, COLUMN()), ROW()<INDEX($A$22:$KN$22, COLUMN())+4), 0, 1), 0)} -> 1 | V3: {=IF(MOD(COLUMN()-1,4)<2, IF(AND(ROW()>=INDEX($A$22:$KN$22, COLUMN()), ROW()<INDEX($A$22:$KN$22, COLUMN())+4), 0, 1), 0)} -> 1 | W3: {=IF(MOD(COLUMN()-1,4)<2, IF(AND(ROW()>=INDEX($A$22:$KN$22, COLUMN()), ROW()<INDEX($A$22:$KN$22, COLUMN())+4), 0, 1), 0)} -> 0 | X3: {=IF(MOD(COLUMN()-1,4)<2, IF(AND(ROW()>=INDEX($A$22:$KN$22, COLUMN()), ROW()<INDEX($A$22:$KN$22, COLUMN())+4), 0, 1), 0)} -> 0 | ... AL3: {=IF(MOD(COLUMN()-1,4)<2, IF(AND(ROW()>=INDEX($A$22:$KN$22, COLUMN()), ROW()<INDEX($A$22:$KN$22, COLUMN())+4), 0, 1), 0)} -> 1 | AM3: {=IF(MOD(COLUMN()-1,4)<2, IF(AND(ROW()>=INDEX($A$22:$KN$22, COLUMN()), ROW()<INDEX($A$22:$KN$22, COLUMN())+3), 0, 1), 0)} -> 0 | AN3: {=IF(MOD(COLUMN()-1,4)<2, IF(AND(ROW()>=INDEX($A$22:$KN$22, COLUMN()), ROW()<INDEX($A$22:$KN$22, COLUMN())+3), 0, 1), 0)} -> 0 | AO3: {=IF(MOD(COLUMN()-1,4)<2, IF(AND(ROW()>=INDEX($A$22:$KN$22, COLUMN()), ROW()<INDEX($A$22:$KN$22, COLUMN())+3), 0, 1), 0)} -> 1 | AP3: {=IF(MOD(COLUMN()-1,4)<2, IF(AND(ROW()>=INDEX($A$22:$KN$22, COLUMN()), ROW()<INDEX($A$22:$KN$22, COLUMN())+3), 0, 1), 0)} -> 1 | AQ3: {=IF(MOD(COLUMN()-1,4)<2, IF(AND(ROW()>=INDEX($A$22:$KN$22, COLUMN()), ROW()<INDEX($A$22:$KN$22, COLUMN())+3), 0, 1), 0)} -> 0 | AR3: {=IF(MOD(COLUMN()-1,4)<2, IF(AND(ROW()>=INDEX($A$22:$KN$22, COLUMN()), ROW()<INDEX($A$22:$KN$22, COLUMN())+3), 0, 1), 0)} -> 0 | AS3: {=IF(MOD(COLUMN()-1,4)<2, IF(AND(ROW()>=INDEX($A$22:$KN$22, COLUMN()), ROW()<INDEX($A$22:$KN$22, COLUMN())+3), 0, 1), 0)} -> 1 | AT3: {=IF(MOD(COLUMN()-1,4)<2, IF(AND(ROW()>=INDEX($A$22:$KN$22, COLUMN()), ROW()<INDEX($A$22:$KN$22, COLUMN())+3), 0, 1), 0)} -> 1 | ... BX3: {=IF(MOD(COLUMN()-1,4)<2, IF(AND(ROW()>=INDEX($A$22:$KN$22, COLUMN()), ROW()<INDEX($A$22:$KN$22, COLUMN())+3), 0, 1), 0)} -> 0 | BY3: {=IF(MOD(COLUMN()-1,4)<2, IF(AND(ROW()>=INDEX($A$22:$KN$22, COLUMN()), ROW()<INDEX($A$22:$KN$22, COLUMN())+2), 0, 1), 0)} -> 1 | BZ3: {=IF(MOD(COLUMN()-1,4)<2, IF(AND(ROW()>=INDEX($A$22:$KN$22, COLUMN()), ROW()<INDEX($A$22:$KN$22, COLUMN())+2), 0, 1), 0)} -> 1 | CA3: {=IF(MOD(COLUMN()-1,4)<2, IF(AND(ROW()>=INDEX($A$22:$KN$22, COLUMN()), ROW()<INDEX($A$22:$KN$22, COLUMN())+2), 0, 1), 0)} -> 0 | CB3: {=IF(MOD(COLUMN()-1,4)<2, IF(AND(ROW()>=INDEX($A$22:$KN$22, COLUMN()), ROW()<INDEX($A$22:$KN$22, COLUMN())+2), 0, 1), 0)} -> 0 | CC3: {=IF(MOD(COLUMN()-1,4)<2, IF(AND(ROW()>=INDEX($A$22:$KN$22, COLUMN()), ROW()<INDEX($A$22:$KN$22, COLUMN())+2), 0, 1), 0)} -> 1 | CD3: {=IF(MOD(COLUMN()-1,4)<2, IF(AND(ROW()>=INDEX($A$22:$KN$22, COLUMN()), ROW()<INDEX($A$22:$KN$22, COLUMN())+2), 0, 1), 0)} -> 1 | CE3: {=IF(MOD(COLUMN()-1,4)<2, IF(AND(ROW()>=INDEX($A$22:$KN$22, COLUMN()), ROW()<INDEX($A$22:$KN$22, COLUMN())+2), 0, 1), 0)} -> 0 | CF3: {=IF(MOD(COLUMN()-1,4)<2, IF(AND(ROW()>=INDEX($A$22:$KN$22, COLUMN()), ROW()<INDEX($A$22:$KN$22, COLUMN())+2), 0, 1), 0)} -> 0 | ... KN3: {=IF(MOD(COLUMN()-1,4)<2, IF(AND(ROW()>=INDEX($A$22:$KN$22, COLUMN()), ROW()<INDEX($A$22:$KN$22, COLUMN())+2), 0, 1), 0)} -> 0
A4: 0 | B4: 0 | C4: {=IF(MOD(COLUMN()-1,4)<2, IF(AND(ROW()>=INDEX($A$22:$KN$22, COLUMN()), ROW()<INDEX($A$22:$KN$22, COLUMN())+3), 0, 1), 0)} -> 0 | D4: {=IF(MOD(COLUMN()-1,4)<2, IF(AND(ROW()>=INDEX($A$22:$KN$22, COLUMN()), ROW()<INDEX($A$22:$KN$22, COLUMN())+3), 0, 1), 0)} -> 0 | E4: {=IF(MOD(COLUMN()-1,4)<2, IF(AND(ROW()>=INDEX($A$22:$KN$22, COLUMN()), ROW()<INDEX($A$22:$KN$22, COLUMN())+5), 0, 1), 0)} -> 1 | F4: {=IF(MOD(COLUMN()-1,4)<2, IF(AND(ROW()>=INDEX($A$22:$KN$22, COLUMN()), ROW()<INDEX($A$22:$KN$22, COLUMN())+5), 0, 1), 0)} -> 1 | G4: {=IF(MOD(COLUMN()-1,4)<2, IF(AND(ROW()>=INDEX($A$22:$KN$22, COLUMN()), ROW()<INDEX($A$22:$KN$22, COLUMN())+5), 0, 1), 0)} -> 0 | H4: {=IF(MOD(COLUMN()-1,4)<2, IF(AND(ROW()>=INDEX($A$22:$KN$22, COLUMN()), ROW()<INDEX($A$22:$KN$22, COLUMN())+5), 0, 1), 0)} -> 0 | I4: {=IF(MOD(COLUMN()-1,4)<2, IF(AND(ROW()>=INDEX($A$22:$KN$22, COLUMN()), ROW()<INDEX($A$22:$KN$22, COLUMN())+5), 0, 1), 0)} -> 1 | J4: {=IF(MOD(COLUMN()-1,4)<2, IF(AND(ROW()>=INDEX($A$22:$KN$22, COLUMN()), ROW()<INDEX($A$22:$KN$22, COLUMN())+5), 0, 1), 0)} -> 1 | K4: {=IF(MOD(COLUMN()-1,4)<2, IF(AND(ROW()>=INDEX($A$22:$KN$22, COLUMN()), ROW()<INDEX($A$22:$KN$22, COLUMN())+5), 0, 1), 0)} -> 0 | L4: {=IF(MOD(COLUMN()-1,4)<2, IF(AND(ROW()>=INDEX($A$22:$KN$22, COLUMN()), ROW()<INDEX($A$22:$KN$22, COLUMN())+5), 0, 1), 0)} -> 0 | ... N4: {=IF(MOD(COLUMN()-1,4)<2, IF(AND(ROW()>=INDEX($A$22:$KN$22, COLUMN()), ROW()<INDEX($A$22:$KN$22, COLUMN())+5), 0, 1), 0)} -> 1 | O4: {=IF(MOD(COLUMN()-1,4)<2, IF(AND(ROW()>=INDEX($A$22:$KN$22, COLUMN()), ROW()<INDEX($A$22:$KN$22, COLUMN())+3), 0, 1), 0)} -> 0 | P4: {=IF(MOD(COLUMN()-1,4)<2, IF(AND(ROW()>=INDEX($A$22:$KN$22, COLUMN()), ROW()<INDEX($A$22:$KN$22, COLUMN())+3), 0, 1), 0)} -> 0 | Q4: {=IF(MOD(COLUMN()-1,4)<2, IF(AND(ROW()>=INDEX($A$22:$KN$22, COLUMN()), ROW()<INDEX($A$22:$KN$22, COLUMN())+4), 0, 1), 0)} -> 0 | R4: {=IF(MOD(COLUMN()-1,4)<2, IF(AND(ROW()>=INDEX($A$22:$KN$22, COLUMN()), ROW()<INDEX($A$22:$KN$22, COLUMN())+4), 0, 1), 0)} -> 0 | S4: {=IF(MOD(COLUMN()-1,4)<2, IF(AND(ROW()>=INDEX($A$22:$KN$22, COLUMN()), ROW()<INDEX($A$22:$KN$22, COLUMN())+4), 0, 1), 0)} -> 0 | T4: {=IF(MOD(COLUMN()-1,4)<2, IF(AND(ROW()>=INDEX($A$22:$KN$22, COLUMN()), ROW()<INDEX($A$22:$KN$22, COLUMN())+4), 0, 1), 0)} -> 0 | U4: {=IF(MOD(COLUMN()-1,4)<2, IF(AND(ROW()>=INDEX($A$22:$KN$22, COLUMN()), ROW()<INDEX($A$22:$KN$22, COLUMN())+4), 0, 1), 0)} -> 1 | V4: {=IF(MOD(COLUMN()-1,4)<2, IF(AND(ROW()>=INDEX($A$22:$KN$22, COLUMN()), ROW()<INDEX($A$22:$KN$22, COLUMN())+4), 0, 1), 0)} -> 1 | W4: {=IF(MOD(COLUMN()-1,4)<2, IF(AND(ROW()>=INDEX($A$22:$KN$22, COLUMN()), ROW()<INDEX($A$22:$KN$22, COLUMN())+4), 0, 1), 0)} -> 0 | X4: {=IF(MOD(COLUMN()-1,4)<2, IF(AND(ROW()>=INDEX($A$22:$KN$22, COLUMN()), ROW()<INDEX($A$22:$KN$22, COLUMN())+4), 0, 1), 0)} -> 0 | ... AL4: {=IF(MOD(COLUMN()-1,4)<2, IF(AND(ROW()>=INDEX($A$22:$KN$22, COLUMN()), ROW()<INDEX($A$22:$KN$22, COLUMN())+4), 0, 1), 0)} -> 1 | AM4: {=IF(MOD(COLUMN()-1,4)<2, IF(AND(ROW()>=INDEX($A$22:$KN$22, COLUMN()), ROW()<INDEX($A$22:$KN$22, COLUMN())+3), 0, 1), 0)} -> 0 | AN4: {=IF(MOD(COLUMN()-1,4)<2, IF(AND(ROW()>=INDEX($A$22:$KN$22, COLUMN()), ROW()<INDEX($A$22:$KN$22, COLUMN())+3), 0, 1), 0)} -> 0 | AO4: {=IF(MOD(COLUMN()-1,4)<2, IF(AND(ROW()>=INDEX($A$22:$KN$22, COLUMN()), ROW()<INDEX($A$22:$KN$22, COLUMN())+3), 0, 1), 0)} -> 1 | AP4: {=IF(MOD(COLUMN()-1,4)<2, IF(AND(ROW()>=INDEX($A$22:$KN$22, COLUMN()), ROW()<INDEX($A$22:$KN$22, COLUMN())+3), 0, 1), 0)} -> 1 | AQ4: {=IF(MOD(COLUMN()-1,4)<2, IF(AND(ROW()>=INDEX($A$22:$KN$22, COLUMN()), ROW()<INDEX($A$22:$KN$22, COLUMN())+3), 0, 1), 0)} -> 0 | AR4: {=IF(MOD(COLUMN()-1,4)<2, IF(AND(ROW()>=INDEX($A$22:$KN$22, COLUMN()), ROW()<INDEX($A$22:$KN$22, COLUMN())+3), 0, 1), 0)} -> 0 | AS4: {=IF(MOD(COLUMN()-1,4)<2, IF(AND(ROW()>=INDEX($A$22:$KN$22, COLUMN()), ROW()<INDEX($A$22:$KN$22, COLUMN())+3), 0, 1), 0)} -> 1 | AT4: {=IF(MOD(COLUMN()-1,4)<2, IF(AND(ROW()>=INDEX($A$22:$KN$22, COLUMN()), ROW()<INDEX($A$22:$KN$22, COLUMN())+3), 0, 1), 0)} -> 1 | ... BX4: {=IF(MOD(COLUMN()-1,4)<2, IF(AND(ROW()>=INDEX($A$22:$KN$22, COLUMN()), ROW()<INDEX($A$22:$KN$22, COLUMN())+3), 0, 1), 0)} -> 0 | BY4: {=IF(MOD(COLUMN()-1,4)<2, IF(AND(ROW()>=INDEX($A$22:$KN$22, COLUMN()), ROW()<INDEX($A$22:$KN$22, COLUMN())+2), 0, 1), 0)} -> 1 | BZ4: {=IF(MOD(COLUMN()-1,4)<2, IF(AND(ROW()>=INDEX($A$22:$KN$22, COLUMN()), ROW()<INDEX($A$22:$KN$22, COLUMN())+2), 0, 1), 0)} -> 1 | CA4: {=IF(MOD(COLUMN()-1,4)<2, IF(AND(ROW()>=INDEX($A$22:$KN$22, COLUMN()), ROW()<INDEX($A$22:$KN$22, COLUMN())+2), 0, 1), 0)} -> 0 | CB4: {=IF(MOD(COLUMN()-1,4)<2, IF(AND(ROW()>=INDEX($A$22:$KN$22, COLUMN()), ROW()<INDEX($A$22:$KN$22, COLUMN())+2), 0, 1), 0)} -> 0 | CC4: {=IF(MOD(COLUMN()-1,4)<2, IF(AND(ROW()>=INDEX($A$22:$KN$22, COLUMN()), ROW()<INDEX($A$22:$KN$22, COLUMN())+2), 0, 1), 0)} -> 1 | CD4: {=IF(MOD(COLUMN()-1,4)<2, IF(AND(ROW()>=INDEX($A$22:$KN$22, COLUMN()), ROW()<INDEX($A$22:$KN$22, COLUMN())+2), 0, 1), 0)} -> 1 | CE4: {=IF(MOD(COLUMN()-1,4)<2, IF(AND(ROW()>=INDEX($A$22:$KN$22, COLUMN()), ROW()<INDEX($A$22:$KN$22, COLUMN())+2), 0, 1), 0)} -> 0 | CF4: {=IF(MOD(COLUMN()-1,4)<2, IF(AND(ROW()>=INDEX($A$22:$KN$22, COLUMN()), ROW()<INDEX($A$22:$KN$22, COLUMN())+2), 0, 1), 0)} -> 0 | ... KN4: {=IF(MOD(COLUMN()-1,4)<2, IF(AND(ROW()>=INDEX($A$22:$KN$22, COLUMN()), ROW()<INDEX($A$22:$KN$22, COLUMN())+2), 0, 1), 0)} -> 0
A5: 0 | B5: 0 | C5: {=IF(MOD(COLUMN()-1,4)<2, IF(AND(ROW()>=INDEX($A$22:$KN$22, COLUMN()), ROW()<INDEX($A$22:$KN$22, COLUMN())+3), 0, 1), 0)} -> 0 | D5: {=IF(MOD(COLUMN()-1,4)<2, IF(AND(ROW()>=INDEX($A$22:$KN$22, COLUMN()), ROW()<INDEX($A$22:$KN$22, COLUMN())+3), 0, 1), 0)} -> 0 | E5: {=IF(MOD(COLUMN()-1,4)<2, IF(AND(ROW()>=INDEX($A$22:$KN$22, COLUMN()), ROW()<INDEX($A$22:$KN$22, COLUMN())+5), 0, 1), 0)} -> 1 | F5: {=IF(MOD(COLUMN()-1,4)<2, IF(AND(ROW()>=INDEX($A$22:$KN$22, COLUMN()), ROW()<INDEX($A$22:$KN$22, COLUMN())+5), 0, 1), 0)} -> 1 | G5: {=IF(MOD(COLUMN()-1,4)<2, IF(AND(ROW()>=INDEX($A$22:$KN$22, COLUMN()), ROW()<INDEX($A$22:$KN$22, COLUMN())+5), 0, 1), 0)} -> 0 | H5: {=IF(MOD(COLUMN()-1,4)<2, IF(AND(ROW()>=INDEX($A$22:$KN$22, COLUMN()), ROW()<INDEX($A$22:$KN$22, COLUMN())+5), 0, 1), 0)} -> 0 | I5: {=IF(MOD(COLUMN()-1,4)<2, IF(AND(ROW()>=INDEX($A$22:$KN$22, COLUMN()), ROW()<INDEX($A$22:$KN$22, COLUMN())+5), 0, 1), 0)} -> 1 | J5: {=IF(MOD(COLUMN()-1,4)<2, IF(AND(ROW()>=INDEX($A$22:$KN$22, COLUMN()), ROW()<INDEX($A$22:$KN$22, COLUMN())+5), 0, 1), 0)} -> 1 | K5: {=IF(MOD(COLUMN()-1,4)<2, IF(AND(ROW()>=INDEX($A$22:$KN$22, COLUMN()), ROW()<INDEX($A$22:$KN$22, COLUMN())+5), 0, 1), 0)} -> 0 | L5: {=IF(MOD(COLUMN()-1,4)<2, IF(AND(ROW()>=INDEX($A$22:$KN$22, COLUMN()), ROW()<INDEX($A$22:$KN$22, COLUMN())+5), 0, 1), 0)} -> 0 | ... N5: {=IF(MOD(COLUMN()-1,4)<2, IF(AND(ROW()>=INDEX($A$22:$KN$22, COLUMN()), ROW()<INDEX($A$22:$KN$22, COLUMN())+5), 0, 1), 0)} -> 1 | O5: {=IF(MOD(COLUMN()-1,4)<2, IF(AND(ROW()>=INDEX($A$22:$KN$22, COLUMN()), ROW()<INDEX($A$22:$KN$22, COLUMN())+3), 0, 1), 0)} -> 0 | P5: {=IF(MOD(COLUMN()-1,4)<2, IF(AND(ROW()>=INDEX($A$22:$KN$22, COLUMN()), ROW()<INDEX($A$22:$KN$22, COLUMN())+3), 0, 1), 0)} -> 0 | Q5: {=IF(MOD(COLUMN()-1,4)<2, IF(AND(ROW()>=INDEX($A$22:$KN$22, COLUMN()), ROW()<INDEX($A$22:$KN$22, COLUMN())+4), 0, 1), 0)} -> 0 | R5: {=IF(MOD(COLUMN()-1,4)<2, IF(AND(ROW()>=INDEX($A$22:$KN$22, COLUMN()), ROW()<INDEX($A$22:$KN$22, COLUMN())+4), 0, 1), 0)} -> 0 | S5: {=IF(MOD(COLUMN()-1,4)<2, IF(AND(ROW()>=INDEX($A$22:$KN$22, COLUMN()), ROW()<INDEX($A$22:$KN$22, COLUMN())+4), 0, 1), 0)} -> 0 | T5: {=IF(MOD(COLUMN()-1,4)<2, IF(AND(ROW()>=INDEX($A$22:$KN$22, COLUMN()), ROW()<INDEX($A$22:$KN$22, COLUMN())+4), 0, 1), 0)} -> 0 | U5: {=IF(MOD(COLUMN()-1,4)<2, IF(AND(ROW()>=INDEX($A$22:$KN$22, COLUMN()), ROW()<INDEX($A$22:$KN$22, COLUMN())+4), 0, 1), 0)} -> 1 | V5: {=IF(MOD(COLUMN()-1,4)<2, IF(AND(ROW()>=INDEX($A$22:$KN$22, COLUMN()), ROW()<INDEX($A$22:$KN$22, COLUMN())+4), 0, 1), 0)} -> 1 | W5: {=IF(MOD(COLUMN()-1,4)<2, IF(AND(ROW()>=INDEX($A$22:$KN$22, COLUMN()), ROW()<INDEX($A$22:$KN$22, COLUMN())+4), 0, 1), 0)} -> 0 | X5: {=IF(MOD(COLUMN()-1,4)<2, IF(AND(ROW()>=INDEX($A$22:$KN$22, COLUMN()), ROW()<INDEX($A$22:$KN$22, COLUMN())+4), 0, 1), 0)} -> 0 | ... AL5: {=IF(MOD(COLUMN()-1,4)<2, IF(AND(ROW()>=INDEX($A$22:$KN$22, COLUMN()), ROW()<INDEX($A$22:$KN$22, COLUMN())+4), 0, 1), 0)} -> 1 | AM5: {=IF(MOD(COLUMN()-1,4)<2, IF(AND(ROW()>=INDEX($A$22:$KN$22, COLUMN()), ROW()<INDEX($A$22:$KN$22, COLUMN())+3), 0, 1), 0)} -> 0 | AN5: {=IF(MOD(COLUMN()-1,4)<2, IF(AND(ROW()>=INDEX($A$22:$KN$22, COLUMN()), ROW()<INDEX($A$22:$KN$22, COLUMN())+3), 0, 1), 0)} -> 0 | AO5: {=IF(MOD(COLUMN()-1,4)<2, IF(AND(ROW()>=INDEX($A$22:$KN$22, COLUMN()), ROW()<INDEX($A$22:$KN$22, COLUMN())+3), 0, 1), 0)} -> 1 | AP5: {=IF(MOD(COLUMN()-1,4)<2, IF(AND(ROW()>=INDEX($A$22:$KN$22, COLUMN()), ROW()<INDEX($A$22:$KN$22, COLUMN())+3), 0, 1), 0)} -> 1 | AQ5: {=IF(MOD(COLUMN()-1,4)<2, IF(AND(ROW()>=INDEX($A$22:$KN$22, COLUMN()), ROW()<INDEX($A$22:$KN$22, COLUMN())+3), 0, 1), 0)} -> 0 | AR5: {=IF(MOD(COLUMN()-1,4)<2, IF(AND(ROW()>=INDEX($A$22:$KN$22, COLUMN()), ROW()<INDEX($A$22:$KN$22, COLUMN())+3), 0, 1), 0)} -> 0 | AS5: {=IF(MOD(COLUMN()-1,4)<2, IF(AND(ROW()>=INDEX($A$22:$KN$22, COLUMN()), ROW()<INDEX($A$22:$KN$22, COLUMN())+3), 0, 1), 0)} -> 1 | AT5: {=IF(MOD(COLUMN()-1,4)<2, IF(AND(ROW()>=INDEX($A$22:$KN$22, COLUMN()), ROW()<INDEX($A$22:$KN$22, COLUMN())+3), 0, 1), 0)} -> 1 | ... BX5: {=IF(MOD(COLUMN()-1,4)<2, IF(AND(ROW()>=INDEX($A$22:$KN$22, COLUMN()), ROW()<INDEX($A$22:$KN$22, COLUMN())+3), 0, 1), 0)} -> 0 | BY5: {=IF(MOD(COLUMN()-1,4)<2, IF(AND(ROW()>=INDEX($A$22:$KN$22, COLUMN()), ROW()<INDEX($A$22:$KN$22, COLUMN())+2), 0, 1), 0)} -> 1 | BZ5: {=IF(MOD(COLUMN()-1,4)<2, IF(AND(ROW()>=INDEX($A$22:$KN$22, COLUMN()), ROW()<INDEX($A$22:$KN$22, COLUMN())+2), 0, 1), 0)} -> 1 | CA5: {=IF(MOD(COLUMN()-1,4)<2, IF(AND(ROW()>=INDEX($A$22:$KN$22, COLUMN()), ROW()<INDEX($A$22:$KN$22, COLUMN())+2), 0, 1), 0)} -> 0 | CB5: {=IF(MOD(COLUMN()-1,4)<2, IF(AND(ROW()>=INDEX($A$22:$KN$22, COLUMN()), ROW()<INDEX($A$22:$KN$22, COLUMN())+2), 0, 1), 0)} -> 0 | CC5: {=IF(MOD(COLUMN()-1,4)<2, IF(AND(ROW()>=INDEX($A$22:$KN$22, COLUMN()), ROW()<INDEX($A$22:$KN$22, COLUMN())+2), 0, 1), 0)} -> 1 | CD5: {=IF(MOD(COLUMN()-1,4)<2, IF(AND(ROW()>=INDEX($A$22:$KN$22, COLUMN()), ROW()<INDEX($A$22:$KN$22, COLUMN())+2), 0, 1), 0)} -> 1 | CE5: {=IF(MOD(COLUMN()-1,4)<2, IF(AND(ROW()>=INDEX($A$22:$KN$22, COLUMN()), ROW()<INDEX($A$22:$KN$22, COLUMN())+2), 0, 1), 0)} -> 0 | CF5: {=IF(MOD(COLUMN()-1,4)<2, IF(AND(ROW()>=INDEX($A$22:$KN$22, COLUMN()), ROW()<INDEX($A$22:$KN$22, COLUMN())+2), 0, 1), 0)} -> 0 | ... KN5: {=IF(MOD(COLUMN()-1,4)<2, IF(AND(ROW()>=INDEX($A$22:$KN$22, COLUMN()), ROW()<INDEX($A$22:$KN$22, COLUMN())+2), 0, 1), 0)} -> 0
A6: 0 | B6: 0 | C6: {=IF(MOD(COLUMN()-1,4)<2, IF(AND(ROW()>=INDEX($A$22:$KN$22, COLUMN()), ROW()<INDEX($A$22:$KN$22, COLUMN())+3), 0, 1), 0)} -> 0 | D6: {=IF(MOD(COLUMN()-1,4)<2, IF(AND(ROW()>=INDEX($A$22:$KN$22, COLUMN()), ROW()<INDEX($A$22:$KN$22, COLUMN())+3), 0, 1), 0)} -> 0 | E6: {=IF(MOD(COLUMN()-1,4)<2, IF(AND(ROW()>=INDEX($A$22:$KN$22, COLUMN()), ROW()<INDEX($A$22:$KN$22, COLUMN())+5), 0, 1), 0)} -> 1 | F6: {=IF(MOD(COLUMN()-1,4)<2, IF(AND(ROW()>=INDEX($A$22:$KN$22, COLUMN()), ROW()<INDEX($A$22:$KN$22, COLUMN())+5), 0, 1), 0)} -> 1 | G6: {=IF(MOD(COLUMN()-1,4)<2, IF(AND(ROW()>=INDEX($A$22:$KN$22, COLUMN()), ROW()<INDEX($A$22:$KN$22, COLUMN())+5), 0, 1), 0)} -> 0 | H6: {=IF(MOD(COLUMN()-1,4)<2, IF(AND(ROW()>=INDEX($A$22:$KN$22, COLUMN()), ROW()<INDEX($A$22:$KN$22, COLUMN())+5), 0, 1), 0)} -> 0 | I6: {=IF(MOD(COLUMN()-1,4)<2, IF(AND(ROW()>=INDEX($A$22:$KN$22, COLUMN()), ROW()<INDEX($A$22:$KN$22, COLUMN())+5), 0, 1), 0)} -> 0 | J6: {=IF(MOD(COLUMN()-1,4)<2, IF(AND(ROW()>=INDEX($A$22:$KN$22, COLUMN()), ROW()<INDEX($A$22:$KN$22, COLUMN())+5), 0, 1), 0)} -> 0 | K6: {=IF(MOD(COLUMN()-1,4)<2, IF(AND(ROW()>=INDEX($A$22:$KN$22, COLUMN()), ROW()<INDEX($A$22:$KN$22, COLUMN())+5), 0, 1), 0)} -> 0 | L6: {=IF(MOD(COLUMN()-1,4)<2, IF(AND(ROW()>=INDEX($A$22:$KN$22, COLUMN()), ROW()<INDEX($A$22:$KN$22, COLUMN())+5), 0, 1), 0)} -> 0 | ... N6: {=IF(MOD(COLUMN()-1,4)<2, IF(AND(ROW()>=INDEX($A$22:$KN$22, COLUMN()), ROW()<INDEX($A$22:$KN$22, COLUMN())+5), 0, 1), 0)} -> 0 | O6: {=IF(MOD(COLUMN()-1,4)<2, IF(AND(ROW()>=INDEX($A$22:$KN$22, COLUMN()), ROW()<INDEX($A$22:$KN$22, COLUMN())+3), 0, 1), 0)} -> 0 | P6: {=IF(MOD(COLUMN()-1,4)<2, IF(AND(ROW()>=INDEX($A$22:$KN$22, COLUMN()), ROW()<INDEX($A$22:$KN$22, COLUMN())+3), 0, 1), 0)} -> 0 | Q6: {=IF(MOD(COLUMN()-1,4)<2, IF(AND(ROW()>=INDEX($A$22:$KN$22, COLUMN()), ROW()<INDEX($A$22:$KN$22, COLUMN())+4), 0, 1), 0)} -> 0 | R6: {=IF(MOD(COLUMN()-1,4)<2, IF(AND(ROW()>=INDEX($A$22:$KN$22, COLUMN()), ROW()<INDEX($A$22:$KN$22, COLUMN())+4), 0, 1), 0)} -> 0 | S6: {=IF(MOD(COLUMN()-1,4)<2, IF(AND(ROW()>=INDEX($A$22:$KN$22, COLUMN()), ROW()<INDEX($A$22:$KN$22, COLUMN())+4), 0, 1), 0)} -> 0 | T6: {=IF(MOD(COLUMN()-1,4)<2, IF(AND(ROW()>=INDEX($A$22:$KN$22, COLUMN()), ROW()<INDEX($A$22:$KN$22, COLUMN())+4), 0, 1), 0)} -> 0 | U6: {=IF(MOD(COLUMN()-1,4)<2, IF(AND(ROW()>=INDEX($A$22:$KN$22, COLUMN()), ROW()<INDEX($A$22:$KN$22, COLUMN())+4), 0, 1), 0)} -> 1 | V6: {=IF(MOD(COLUMN()-1,4)<2, IF(AND(ROW()>=INDEX($A$22:$KN$22, COLUMN()), ROW()<INDEX($A$22:$KN$22, COLUMN())+4), 0, 1), 0)} -> 1 | W6: {=IF(MOD(COLUMN()-1,4)<2, IF(AND(ROW()>=INDEX($A$22:$KN$22, COLUMN()), ROW()<INDEX($A$22:$KN$22, COLUMN())+4), 0, 1), 0)} -> 0 | X6: {=IF(MOD(COLUMN()-1,4)<2, IF(AND(ROW()>=INDEX($A$22:$KN$22, COLUMN()), ROW()<INDEX($A$22:$KN$22, COLUMN())+4), 0, 1), 0)} -> 0 | ... AL6: {=IF(MOD(COLUMN()-1,4)<2, IF(AND(ROW()>=INDEX($A$22:$KN$22, COLUMN()), ROW()<INDEX($A$22:$KN$22, COLUMN())+4), 0, 1), 0)} -> 1 | AM6: {=IF(MOD(COLUMN()-1,4)<2, IF(AND(ROW()>=INDEX($A$22:$KN$22, COLUMN()), ROW()<INDEX($A$22:$KN$22, COLUMN())+3), 0, 1), 0)} -> 0 | AN6: {=IF(MOD(COLUMN()-1,4)<2, IF(AND(ROW()>=INDEX($A$22:$KN$22, COLUMN()), ROW()<INDEX($A$22:$KN$22, COLUMN())+3), 0, 1), 0)} -> 0 | AO6: {=IF(MOD(COLUMN()-1,4)<2, IF(AND(ROW()>=INDEX($A$22:$KN$22, COLUMN()), ROW()<INDEX($A$22:$KN$22, COLUMN())+3), 0, 1), 0)} -> 1 | AP6: {=IF(MOD(COLUMN()-1,4)<2, IF(AND(ROW()>=INDEX($A$22:$KN$22, COLUMN()), ROW()<INDEX($A$22:$KN$22, COLUMN())+3), 0, 1), 0)} -> 1 | AQ6: {=IF(MOD(COLUMN()-1,4)<2, IF(AND(ROW()>=INDEX($A$22:$KN$22, COLUMN()), ROW()<INDEX($A$22:$KN$22, COLUMN())+3), 0, 1), 0)} -> 0 | AR6: {=IF(MOD(COLUMN()-1,4)<2, IF(AND(ROW()>=INDEX($A$22:$KN$22, COLUMN()), ROW()<INDEX($A$22:$KN$22, COLUMN())+3), 0, 1), 0)} -> 0 | AS6: {=IF(MOD(COLUMN()-1,4)<2, IF(AND(ROW()>=INDEX($A$22:$KN$22, COLUMN()), ROW()<INDEX($A$22:$KN$22, COLUMN())+3), 0, 1), 0)} -> 0 | AT6: {=IF(MOD(COLUMN()-1,4)<2, IF(AND(ROW()>=INDEX($A$22:$KN$22, COLUMN()), ROW()<INDEX($A$22:$KN$22, COLUMN())+3), 0, 1), 0)} -> 0 | ... BX6: {=IF(MOD(COLUMN()-1,4)<2, IF(AND(ROW()>=INDEX($A$22:$KN$22, COLUMN()), ROW()<INDEX($A$22:$KN$22, COLUMN())+3), 0, 1), 0)} -> 0 | BY6: {=IF(MOD(COLUMN()-1,4)<2, IF(AND(ROW()>=INDEX($A$22:$KN$22, COLUMN()), ROW()<INDEX($A$22:$KN$22, COLUMN())+2), 0, 1), 0)} -> 1 | BZ6: {=IF(MOD(COLUMN()-1,4)<2, IF(AND(ROW()>=INDEX($A$22:$KN$22, COLUMN()), ROW()<INDEX($A$22:$KN$22, COLUMN())+2), 0, 1), 0)} -> 1 | CA6: {=IF(MOD(COLUMN()-1,4)<2, IF(AND(ROW()>=INDEX($A$22:$KN$22, COLUMN()), ROW()<INDEX($A$22:$KN$22, COLUMN())+2), 0, 1), 0)} -> 0 | CB6: {=IF(MOD(COLUMN()-1,4)<2, IF(AND(ROW()>=INDEX($A$22:$KN$22, COLUMN()), ROW()<INDEX($A$22:$KN$22, COLUMN())+2), 0, 1), 0)} -> 0 | CC6: {=IF(MOD(COLUMN()-1,4)<2, IF(AND(ROW()>=INDEX($A$22:$KN$22, COLUMN()), ROW()<INDEX($A$22:$KN$22, COLUMN())+2), 0, 1), 0)} -> 1 | CD6: {=IF(MOD(COLUMN()-1,4)<2, IF(AND(ROW()>=INDEX($A$22:$KN$22, COLUMN()), ROW()<INDEX($A$22:$KN$22, COLUMN())+2), 0, 1), 0)} -> 1 | CE6: {=IF(MOD(COLUMN()-1,4)<2, IF(AND(ROW()>=INDEX($A$22:$KN$22, COLUMN()), ROW()<INDEX($A$22:$KN$22, COLUMN())+2), 0, 1), 0)} -> 0 | CF6: {=IF(MOD(COLUMN()-1,4)<2, IF(AND(ROW()>=INDEX($A$22:$KN$22, COLUMN()), ROW()<INDEX($A$22:$KN$22, COLUMN())+2), 0, 1), 0)} -> 0 | ... KN6: {=IF(MOD(COLUMN()-1,4)<2, IF(AND(ROW()>=INDEX($A$22:$KN$22, COLUMN()), ROW()<INDEX($A$22:$KN$22, COLUMN())+2), 0, 1), 0)} -> 0
A7: 0 | B7: 0 | C7: {=IF(MOD(COLUMN()-1,4)<2, IF(AND(ROW()>=INDEX($A$22:$KN$22, COLUMN()), ROW()<INDEX($A$22:$KN$22, COLUMN())+3), 0, 1), 0)} -> 0 | D7: {=IF(MOD(COLUMN()-1,4)<2, IF(AND(ROW()>=INDEX($A$22:$KN$22, COLUMN()), ROW()<INDEX($A$22:$KN$22, COLUMN())+3), 0, 1), 0)} -> 0 | E7: {=IF(MOD(COLUMN()-1,4)<2, IF(AND(ROW()>=INDEX($A$22:$KN$22, COLUMN()), ROW()<INDEX($A$22:$KN$22, COLUMN())+5), 0, 1), 0)} -> 0 | F7: {=IF(MOD(COLUMN()-1,4)<2, IF(AND(ROW()>=INDEX($A$22:$KN$22, COLUMN()), ROW()<INDEX($A$22:$KN$22, COLUMN())+5), 0, 1), 0)} -> 0 | G7: {=IF(MOD(COLUMN()-1,4)<2, IF(AND(ROW()>=INDEX($A$22:$KN$22, COLUMN()), ROW()<INDEX($A$22:$KN$22, COLUMN())+5), 0, 1), 0)} -> 0 | H7: {=IF(MOD(COLUMN()-1,4)<2, IF(AND(ROW()>=INDEX($A$22:$KN$22, COLUMN()), ROW()<INDEX($A$22:$KN$22, COLUMN())+5), 0, 1), 0)} -> 0 | I7: {=IF(MOD(COLUMN()-1,4)<2, IF(AND(ROW()>=INDEX($A$22:$KN$22, COLUMN()), ROW()<INDEX($A$22:$KN$22, COLUMN())+5), 0, 1), 0)} -> 0 | J7: {=IF(MOD(COLUMN()-1,4)<2, IF(AND(ROW()>=INDEX($A$22:$KN$22, COLUMN()), ROW()<INDEX($A$22:$KN$22, COLUMN())+5), 0, 1), 0)} -> 0 | K7: {=IF(MOD(COLUMN()-1,4)<2, IF(AND(ROW()>=INDEX($A$22:$KN$22, COLUMN()), ROW()<INDEX($A$22:$KN$22, COLUMN())+5), 0, 1), 0)} -> 0 | L7: {=IF(MOD(COLUMN()-1,4)<2, IF(AND(ROW()>=INDEX($A$22:$KN$22, COLUMN()), ROW()<INDEX($A$22:$KN$22, COLUMN())+5), 0, 1), 0)} -> 0 | ... N7: {=IF(MOD(COLUMN()-1,4)<2, IF(AND(ROW()>=INDEX($A$22:$KN$22, COLUMN()), ROW()<INDEX($A$22:$KN$22, COLUMN())+5), 0, 1), 0)} -> 0 | O7: {=IF(MOD(COLUMN()-1,4)<2, IF(AND(ROW()>=INDEX($A$22:$KN$22, COLUMN()), ROW()<INDEX($A$22:$KN$22, COLUMN())+3), 0, 1), 0)} -> 0 | P7: {=IF(MOD(COLUMN()-1,4)<2, IF(AND(ROW()>=INDEX($A$22:$KN$22, COLUMN()), ROW()<INDEX($A$22:$KN$22, COLUMN())+3), 0, 1), 0)} -> 0 | Q7: {=IF(MOD(COLUMN()-1,4)<2, IF(AND(ROW()>=INDEX($A$22:$KN$22, COLUMN()), ROW()<INDEX($A$22:$KN$22, COLUMN())+4), 0, 1), 0)} -> 0 | R7: {=IF(MOD(COLUMN()-1,4)<2, IF(AND(ROW()>=INDEX($A$22:$KN$22, COLUMN()), ROW()<INDEX($A$22:$KN$22, COLUMN())+4), 0, 1), 0)} -> 0 | S7: {=IF(MOD(COLUMN()-1,4)<2, IF(AND(ROW()>=INDEX($A$22:$KN$22, COLUMN()), ROW()<INDEX($A$22:$KN$22, COLUMN())+4), 0, 1), 0)} -> 0 | T7: {=IF(MOD(COLUMN()-1,4)<2, IF(AND(ROW()>=INDEX($A$22:$KN$22, COLUMN()), ROW()<INDEX($A$22:$KN$22, COLUMN())+4), 0, 1), 0)} -> 0 | U7: {=IF(MOD(COLUMN()-1,4)<2, IF(AND(ROW()>=INDEX($A$22:$KN$22, COLUMN()), ROW()<INDEX($A$22:$KN$22, COLUMN())+4), 0, 1), 0)} -> 1 | V7: {=IF(MOD(COLUMN()-1,4)<2, IF(AND(ROW()>=INDEX($A$22:$KN$22, COLUMN()), ROW()<INDEX($A$22:$KN$22, COLUMN())+4), 0, 1), 0)} -> 1 | W7: {=IF(MOD(COLUMN()-1,4)<2, IF(AND(ROW()>=INDEX($A$22:$KN$22, COLUMN()), ROW()<INDEX($A$22:$KN$22, COLUMN())+4), 0, 1), 0)} -> 0 | X7: {=IF(MOD(COLUMN()-1,4)<2, IF(AND(ROW()>=INDEX($A$22:$KN$22, COLUMN()), ROW()<INDEX($A$22:$KN$22, COLUMN())+4), 0, 1), 0)} -> 0 | ... AL7: {=IF(MOD(COLUMN()-1,4)<2, IF(AND(ROW()>=INDEX($A$22:$KN$22, COLUMN()), ROW()<INDEX($A$22:$KN$22, COLUMN())+4), 0, 1), 0)} -> 1 | AM7: {=IF(MOD(COLUMN()-1,4)<2, IF(AND(ROW()>=INDEX($A$22:$KN$22, COLUMN()), ROW()<INDEX($A$22:$KN$22, COLUMN())+3), 0, 1), 0)} -> 0 | AN7: {=IF(MOD(COLUMN()-1,4)<2, IF(AND(ROW()>=INDEX($A$22:$KN$22, COLUMN()), ROW()<INDEX($A$22:$KN$22, COLUMN())+3), 0, 1), 0)} -> 0 | AO7: {=IF(MOD(COLUMN()-1,4)<2, IF(AND(ROW()>=INDEX($A$22:$KN$22, COLUMN()), ROW()<INDEX($A$22:$KN$22, COLUMN())+3), 0, 1), 0)} -> 1 | AP7: {=IF(MOD(COLUMN()-1,4)<2, IF(AND(ROW()>=INDEX($A$22:$KN$22, COLUMN()), ROW()<INDEX($A$22:$KN$22, COLUMN())+3), 0, 1), 0)} -> 1 | AQ7: {=IF(MOD(COLUMN()-1,4)<2, IF(AND(ROW()>=INDEX($A$22:$KN$22, COLUMN()), ROW()<INDEX($A$22:$KN$22, COLUMN())+3), 0, 1), 0)} -> 0 | AR7: {=IF(MOD(COLUMN()-1,4)<2, IF(AND(ROW()>=INDEX($A$22:$KN$22, COLUMN()), ROW()<INDEX($A$22:$KN$22, COLUMN())+3), 0, 1), 0)} -> 0 | AS7: {=IF(MOD(COLUMN()-1,4)<2, IF(AND(ROW()>=INDEX($A$22:$KN$22, COLUMN()), ROW()<INDEX($A$22:$KN$22, COLUMN())+3), 0, 1), 0)} -> 0 | AT7: {=IF(MOD(COLUMN()-1,4)<2, IF(AND(ROW()>=INDEX($A$22:$KN$22, COLUMN()), ROW()<INDEX($A$22:$KN$22, COLUMN())+3), 0, 1), 0)} -> 0 | ... BX7: {=IF(MOD(COLUMN()-1,4)<2, IF(AND(ROW()>=INDEX($A$22:$KN$22, COLUMN()), ROW()<INDEX($A$22:$KN$22, COLUMN())+3), 0, 1), 0)} -> 0 | BY7: {=IF(MOD(COLUMN()-1,4)<2, IF(AND(ROW()>=INDEX($A$22:$KN$22, COLUMN()), ROW()<INDEX($A$22:$KN$22, COLUMN())+2), 0, 1), 0)} -> 1 | BZ7: {=IF(MOD(COLUMN()-1,4)<2, IF(AND(ROW()>=INDEX($A$22:$KN$22, COLUMN()), ROW()<INDEX($A$22:$KN$22, COLUMN())+2), 0, 1), 0)} -> 1 | CA7: {=IF(MOD(COLUMN()-1,4)<2, IF(AND(ROW()>=INDEX($A$22:$KN$22, COLUMN()), ROW()<INDEX($A$22:$KN$22, COLUMN())+2), 0, 1), 0)} -> 0 | CB7: {=IF(MOD(COLUMN()-1,4)<2, IF(AND(ROW()>=INDEX($A$22:$KN$22, COLUMN()), ROW()<INDEX($A$22:$KN$22, COLUMN())+2), 0, 1), 0)} -> 0 | CC7: {=IF(MOD(COLUMN()-1,4)<2, IF(AND(ROW()>=INDEX($A$22:$KN$22, COLUMN()), ROW()<INDEX($A$22:$KN$22, COLUMN())+2), 0, 1), 0)} -> 1 | CD7: {=IF(MOD(COLUMN()-1,4)<2, IF(AND(ROW()>=INDEX($A$22:$KN$22, COLUMN()), ROW()<INDEX($A$22:$KN$22, COLUMN())+2), 0, 1), 0)} -> 1 | CE7: {=IF(MOD(COLUMN()-1,4)<2, IF(AND(ROW()>=INDEX($A$22:$KN$22, COLUMN()), ROW()<INDEX($A$22:$KN$22, COLUMN())+2), 0, 1), 0)} -> 0 | CF7: {=IF(MOD(COLUMN()-1,4)<2, IF(AND(ROW()>=INDEX($A$22:$KN$22, COLUMN()), ROW()<INDEX($A$22:$KN$22, COLUMN())+2), 0, 1), 0)} -> 0 | ... KN7: {=IF(MOD(COLUMN()-1,4)<2, IF(AND(ROW()>=INDEX($A$22:$KN$22, COLUMN()), ROW()<INDEX($A$22:$KN$22, COLUMN())+2), 0, 1), 0)} -> 0
A8: 0 | B8: 0 | C8: {=IF(MOD(COLUMN()-1,4)<2, IF(AND(ROW()>=INDEX($A$22:$KN$22, COLUMN()), ROW()<INDEX($A$22:$KN$22, COLUMN())+3), 0, 1), 0)} -> 0 | D8: {=IF(MOD(COLUMN()-1,4)<2, IF(AND(ROW()>=INDEX($A$22:$KN$22, COLUMN()), ROW()<INDEX($A$22:$KN$22, COLUMN())+3), 0, 1), 0)} -> 0 | E8: {=IF(MOD(COLUMN()-1,4)<2, IF(AND(ROW()>=INDEX($A$22:$KN$22, COLUMN()), ROW()<INDEX($A$22:$KN$22, COLUMN())+5), 0, 1), 0)} -> 0 | F8: {=IF(MOD(COLUMN()-1,4)<2, IF(AND(ROW()>=INDEX($A$22:$KN$22, COLUMN()), ROW()<INDEX($A$22:$KN$22, COLUMN())+5), 0, 1), 0)} -> 0 | G8: {=IF(MOD(COLUMN()-1,4)<2, IF(AND(ROW()>=INDEX($A$22:$KN$22, COLUMN()), ROW()<INDEX($A$22:$KN$22, COLUMN())+5), 0, 1), 0)} -> 0 | H8: {=IF(MOD(COLUMN()-1,4)<2, IF(AND(ROW()>=INDEX($A$22:$KN$22, COLUMN()), ROW()<INDEX($A$22:$KN$22, COLUMN())+5), 0, 1), 0)} -> 0 | I8: {=IF(MOD(COLUMN()-1,4)<2, IF(AND(ROW()>=INDEX($A$22:$KN$22, COLUMN()), ROW()<INDEX($A$22:$KN$22, COLUMN())+5), 0, 1), 0)} -> 0 | J8: {=IF(MOD(COLUMN()-1,4)<2, IF(AND(ROW()>=INDEX($A$22:$KN$22, COLUMN()), ROW()<INDEX($A$22:$KN$22, COLUMN())+5), 0, 1), 0)} -> 0 | K8: {=IF(MOD(COLUMN()-1,4)<2, IF(AND(ROW()>=INDEX($A$22:$KN$22, COLUMN()), ROW()<INDEX($A$22:$KN$22, COLUMN())+5), 0, 1), 0)} -> 0 | L8: {=IF(MOD(COLUMN()-1,4)<2, IF(AND(ROW()>=INDEX($A$22:$KN$22, COLUMN()), ROW()<INDEX($A$22:$KN$22, COLUMN())+5), 0, 1), 0)} -> 0 | ... N8: {=IF(MOD(COLUMN()-1,4)<2, IF(AND(ROW()>=INDEX($A$22:$KN$22, COLUMN()), ROW()<INDEX($A$22:$KN$22, COLUMN())+5), 0, 1), 0)} -> 0 | O8: {=IF(MOD(COLUMN()-1,4)<2, IF(AND(ROW()>=INDEX($A$22:$KN$22, COLUMN()), ROW()<INDEX($A$22:$KN$22, COLUMN())+3), 0, 1), 0)} -> 0 | P8: {=IF(MOD(COLUMN()-1,4)<2, IF(AND(ROW()>=INDEX($A$22:$KN$22, COLUMN()), ROW()<INDEX($A$22:$KN$22, COLUMN())+3), 0, 1), 0)} -> 0 | Q8: {=IF(MOD(COLUMN()-1,4)<2, IF(AND(ROW()>=INDEX($A$22:$KN$22, COLUMN()), ROW()<INDEX($A$22:$KN$22, COLUMN())+4), 0, 1), 0)} -> 1 | R8: {=IF(MOD(COLUMN()-1,4)<2, IF(AND(ROW()>=INDEX($A$22:$KN$22, COLUMN()), ROW()<INDEX($A$22:$KN$22, COLUMN())+4), 0, 1), 0)} -> 1 | S8: {=IF(MOD(COLUMN()-1,4)<2, IF(AND(ROW()>=INDEX($A$22:$KN$22, COLUMN()), ROW()<INDEX($A$22:$KN$22, COLUMN())+4), 0, 1), 0)} -> 0 | T8: {=IF(MOD(COLUMN()-1,4)<2, IF(AND(ROW()>=INDEX($A$22:$KN$22, COLUMN()), ROW()<INDEX($A$22:$KN$22, COLUMN())+4), 0, 1), 0)} -> 0 | U8: {=IF(MOD(COLUMN()-1,4)<2, IF(AND(ROW()>=INDEX($A$22:$KN$22, COLUMN()), ROW()<INDEX($A$22:$KN$22, COLUMN())+4), 0, 1), 0)} -> 1 | V8: {=IF(MOD(COLUMN()-1,4)<2, IF(AND(ROW()>=INDEX($A$22:$KN$22, COLUMN()), ROW()<INDEX($A$22:$KN$22, COLUMN())+4), 0, 1), 0)} -> 1 | W8: {=IF(MOD(COLUMN()-1,4)<2, IF(AND(ROW()>=INDEX($A$22:$KN$22, COLUMN()), ROW()<INDEX($A$22:$KN$22, COLUMN())+4), 0, 1), 0)} -> 0 | X8: {=IF(MOD(COLUMN()-1,4)<2, IF(AND(ROW()>=INDEX($A$22:$KN$22, COLUMN()), ROW()<INDEX($A$22:$KN$22, COLUMN())+4), 0, 1), 0)} -> 0 | ... AL8: {=IF(MOD(COLUMN()-1,4)<2, IF(AND(ROW()>=INDEX($A$22:$KN$22, COLUMN()), ROW()<INDEX($A$22:$KN$22, COLUMN())+4), 0, 1), 0)} -> 1 | AM8: {=IF(MOD(COLUMN()-1,4)<2, IF(AND(ROW()>=INDEX($A$22:$KN$22, COLUMN()), ROW()<INDEX($A$22:$KN$22, COLUMN())+3), 0, 1), 0)} -> 0 | AN8: {=IF(MOD(COLUMN()-1,4)<2, IF(AND(ROW()>=INDEX($A$22:$KN$22, COLUMN()), ROW()<INDEX($A$22:$KN$22, COLUMN())+3), 0, 1), 0)} -> 0 | AO8: {=IF(MOD(COLUMN()-1,4)<2, IF(AND(ROW()>=INDEX($A$22:$KN$22, COLUMN()), ROW()<INDEX($A$22:$KN$22, COLUMN())+3), 0, 1), 0)} -> 1 | AP8: {=IF(MOD(COLUMN()-1,4)<2, IF(AND(ROW()>=INDEX($A$22:$KN$22, COLUMN()), ROW()<INDEX($A$22:$KN$22, COLUMN())+3), 0, 1), 0)} -> 1 | AQ8: {=IF(MOD(COLUMN()-1,4)<2, IF(AND(ROW()>=INDEX($A$22:$KN$22, COLUMN()), ROW()<INDEX($A$22:$KN$22, COLUMN())+3), 0, 1), 0)} -> 0 | AR8: {=IF(MOD(COLUMN()-1,4)<2, IF(AND(ROW()>=INDEX($A$22:$KN$22, COLUMN()), ROW()<INDEX($A$22:$KN$22, COLUMN())+3), 0, 1), 0)} -> 0 | AS8: {=IF(MOD(COLUMN()-1,4)<2, IF(AND(ROW()>=INDEX($A$22:$KN$22, COLUMN()), ROW()<INDEX($A$22:$KN$22, COLUMN())+3), 0, 1), 0)} -> 0 | AT8: {=IF(MOD(COLUMN()-1,4)<2, IF(AND(ROW()>=INDEX($A$22:$KN$22, COLUMN()), ROW()<INDEX($A$22:$KN$22, COLUMN())+3), 0, 1), 0)} -> 0 | ... BX8: {=IF(MOD(COLUMN()-1,4)<2, IF(AND(ROW()>=INDEX($A$22:$KN$22, COLUMN()), ROW()<INDEX($A$22:$KN$22, COLUMN())+3), 0, 1), 0)} -> 0 | BY8: {=IF(MOD(COLUMN()-1,4)<2, IF(AND(ROW()>=INDEX($A$22:$KN$22, COLUMN()), ROW()<INDEX($A$22:$KN$22, COLUMN())+2), 0, 1), 0)} -> 1 | BZ8: {=IF(MOD(COLUMN()-1,4)<2, IF(AND(ROW()>=INDEX($A$22:$KN$22, COLUMN()), ROW()<INDEX($A$22:$KN$22, COLUMN())+2), 0, 1), 0)} -> 1 | CA8: {=IF(MOD(COLUMN()-1,4)<2, IF(AND(ROW()>=INDEX($A$22:$KN$22, COLUMN()), ROW()<INDEX($A$22:$KN$22, COLUMN())+2), 0, 1), 0)} -> 0 | CB8: {=IF(MOD(COLUMN()-1,4)<2, IF(AND(ROW()>=INDEX($A$22:$KN$22, COLUMN()), ROW()<INDEX($A$22:$KN$22, COLUMN())+2), 0, 1), 0)} -> 0 | CC8: {=IF(MOD(COLUMN()-1,4)<2, IF(AND(ROW()>=INDEX($A$22:$KN$22, COLUMN()), ROW()<INDEX($A$22:$KN$22, COLUMN())+2), 0, 1), 0)} -> 1 | CD8: {=IF(MOD(COLUMN()-1,4)<2, IF(AND(ROW()>=INDEX($A$22:$KN$22, COLUMN()), ROW()<INDEX($A$22:$KN$22, COLUMN())+2), 0, 1), 0)} -> 1 | CE8: {=IF(MOD(COLUMN()-1,4)<2, IF(AND(ROW()>=INDEX($A$22:$KN$22, COLUMN()), ROW()<INDEX($A$22:$KN$22, COLUMN())+2), 0, 1), 0)} -> 0 | CF8: {=IF(MOD(COLUMN()-1,4)<2, IF(AND(ROW()>=INDEX($A$22:$KN$22, COLUMN()), ROW()<INDEX($A$22:$KN$22, COLUMN())+2), 0, 1), 0)} -> 0 | ... KN8: {=IF(MOD(COLUMN()-1,4)<2, IF(AND(ROW()>=INDEX($A$22:$KN$22, COLUMN()), ROW()<INDEX($A$22:$KN$22, COLUMN())+2), 0, 1), 0)} -> 0
A9: 0 | B9: 0 | C9: {=IF(MOD(COLUMN()-1,4)<2, IF(AND(ROW()>=INDEX($A$22:$KN$22, COLUMN()), ROW()<INDEX($A$22:$KN$22, COLUMN())+3), 0, 1), 0)} -> 0 | D9: {=IF(MOD(COLUMN()-1,4)<2, IF(AND(ROW()>=INDEX($A$22:$KN$22, COLUMN()), ROW()<INDEX($A$22:$KN$22, COLUMN())+3), 0, 1), 0)} -> 0 | E9: {=IF(MOD(COLUMN()-1,4)<2, IF(AND(ROW()>=INDEX($A$22:$KN$22, COLUMN()), ROW()<INDEX($A$22:$KN$22, COLUMN())+5), 0, 1), 0)} -> 0 | F9: {=IF(MOD(COLUMN()-1,4)<2, IF(AND(ROW()>=INDEX($A$22:$KN$22, COLUMN()), ROW()<INDEX($A$22:$KN$22, COLUMN())+5), 0, 1), 0)} -> 0 | G9: {=IF(MOD(COLUMN()-1,4)<2, IF(AND(ROW()>=INDEX($A$22:$KN$22, COLUMN()), ROW()<INDEX($A$22:$KN$22, COLUMN())+5), 0, 1), 0)} -> 0 | H9: {=IF(MOD(COLUMN()-1,4)<2, IF(AND(ROW()>=INDEX($A$22:$KN$22, COLUMN()), ROW()<INDEX($A$22:$KN$22, COLUMN())+5), 0, 1), 0)} -> 0 | I9: {=IF(MOD(COLUMN()-1,4)<2, IF(AND(ROW()>=INDEX($A$22:$KN$22, COLUMN()), ROW()<INDEX($A$22:$KN$22, COLUMN())+5), 0, 1), 0)} -> 0 | J9: {=IF(MOD(COLUMN()-1,4)<2, IF(AND(ROW()>=INDEX($A$22:$KN$22, COLUMN()), ROW()<INDEX($A$22:$KN$22, COLUMN())+5), 0, 1), 0)} -> 0 | K9: {=IF(MOD(COLUMN()-1,4)<2, IF(AND(ROW()>=INDEX($A$22:$KN$22, COLUMN()), ROW()<INDEX($A$22:$KN$22, COLUMN())+5), 0, 1), 0)} -> 0 | L9: {=IF(MOD(COLUMN()-1,4)<2, IF(AND(ROW()>=INDEX($A$22:$KN$22, COLUMN()), ROW()<INDEX($A$22:$KN$22, COLUMN())+5), 0, 1), 0)} -> 0 | ... N9: {=IF(MOD(COLUMN()-1,4)<2, IF(AND(ROW()>=INDEX($A$22:$KN$22, COLUMN()), ROW()<INDEX($A$22:$KN$22, COLUMN())+5), 0, 1), 0)} -> 0 | O9: {=IF(MOD(COLUMN()-1,4)<2, IF(AND(ROW()>=INDEX($A$22:$KN$22, COLUMN()), ROW()<INDEX($A$22:$KN$22, COLUMN())+3), 0, 1), 0)} -> 0 | P9: {=IF(MOD(COLUMN()-1,4)<2, IF(AND(ROW()>=INDEX($A$22:$KN$22, COLUMN()), ROW()<INDEX($A$22:$KN$22, COLUMN())+3), 0, 1), 0)} -> 0 | Q9: {=IF(MOD(COLUMN()-1,4)<2, IF(AND(ROW()>=INDEX($A$22:$KN$22, COLUMN()), ROW()<INDEX($A$22:$KN$22, COLUMN())+4), 0, 1), 0)} -> 1 | R9: {=IF(MOD(COLUMN()-1,4)<2, IF(AND(ROW()>=INDEX($A$22:$KN$22, COLUMN()), ROW()<INDEX($A$22:$KN$22, COLUMN())+4), 0, 1), 0)} -> 1 | S9: {=IF(MOD(COLUMN()-1,4)<2, IF(AND(ROW()>=INDEX($A$22:$KN$22, COLUMN()), ROW()<INDEX($A$22:$KN$22, COLUMN())+4), 0, 1), 0)} -> 0 | T9: {=IF(MOD(COLUMN()-1,4)<2, IF(AND(ROW()>=INDEX($A$22:$KN$22, COLUMN()), ROW()<INDEX($A$22:$KN$22, COLUMN())+4), 0, 1), 0)} -> 0 | U9: {=IF(MOD(COLUMN()-1,4)<2, IF(AND(ROW()>=INDEX($A$22:$KN$22, COLUMN()), ROW()<INDEX($A$22:$KN$22, COLUMN())+4), 0, 1), 0)} -> 1 | V9: {=IF(MOD(COLUMN()-1,4)<2, IF(AND(ROW()>=INDEX($A$22:$KN$22, COLUMN()), ROW()<INDEX($A$22:$KN$22, COLUMN())+4), 0, 1), 0)} -> 1 | W9: {=IF(MOD(COLUMN()-1,4)<2, IF(AND(ROW()>=INDEX($A$22:$KN$22, COLUMN()), ROW()<INDEX($A$22:$KN$22, COLUMN())+4), 0, 1), 0)} -> 0 | X9: {=IF(MOD(COLUMN()-1,4)<2, IF(AND(ROW()>=INDEX($A$22:$KN$22, COLUMN()), ROW()<INDEX($A$22:$KN$22, COLUMN())+4), 0, 1), 0)} -> 0 | ... AL9: {=IF(MOD(COLUMN()-1,4)<2, IF(AND(ROW()>=INDEX($A$22:$KN$22, COLUMN()), ROW()<INDEX($A$22:$KN$22, COLUMN())+4), 0, 1), 0)} -> 1 | AM9: {=IF(MOD(COLUMN()-1,4)<2, IF(AND(ROW()>=INDEX($A$22:$KN$22, COLUMN()), ROW()<INDEX($A$22:$KN$22, COLUMN())+3), 0, 1), 0)} -> 0 | AN9: {=IF(MOD(COLUMN()-1,4)<2, IF(AND(ROW()>=INDEX($A$22:$KN$22, COLUMN()), ROW()<INDEX($A$22:$KN$22, COLUMN())+3), 0, 1), 0)} -> 0 | AO9: {=IF(MOD(COLUMN()-1,4)<2, IF(AND(ROW()>=INDEX($A$22:$KN$22, COLUMN()), ROW()<INDEX($A$22:$KN$22, COLUMN())+3), 0, 1), 0)} -> 1 | AP9: {=IF(MOD(COLUMN()-1,4)<2, IF(AND(ROW()>=INDEX($A$22:$KN$22, COLUMN()), ROW()<INDEX($A$22:$KN$22, COLUMN())+3), 0, 1), 0)} -> 1 | AQ9: {=IF(MOD(COLUMN()-1,4)<2, IF(AND(ROW()>=INDEX($A$22:$KN$22, COLUMN()), ROW()<INDEX($A$22:$KN$22, COLUMN())+3), 0, 1), 0)} -> 0 | AR9: {=IF(MOD(COLUMN()-1,4)<2, IF(AND(ROW()>=INDEX($A$22:$KN$22, COLUMN()), ROW()<INDEX($A$22:$KN$22, COLUMN())+3), 0, 1), 0)} -> 0 | AS9: {=IF(MOD(COLUMN()-1,4)<2, IF(AND(ROW()>=INDEX($A$22:$KN$22, COLUMN()), ROW()<INDEX($A$22:$KN$22, COLUMN())+3), 0, 1), 0)} -> 1 | AT9: {=IF(MOD(COLUMN()-1,4)<2, IF(AND(ROW()>=INDEX($A$22:$KN$22, COLUMN()), ROW()<INDEX($A$22:$KN$22, COLUMN())+3), 0, 1), 0)} -> 1 | ... BX9: {=IF(MOD(COLUMN()-1,4)<2, IF(AND(ROW()>=INDEX($A$22:$KN$22, COLUMN()), ROW()<INDEX($A$22:$KN$22, COLUMN())+3), 0, 1), 0)} -> 0 | BY9: {=IF(MOD(COLUMN()-1,4)<2, IF(AND(ROW()>=INDEX($A$22:$KN$22, COLUMN()), ROW()<INDEX($A$22:$KN$22, COLUMN())+2), 0, 1), 0)} -> 1 | BZ9: {=IF(MOD(COLUMN()-1,4)<2, IF(AND(ROW()>=INDEX($A$22:$KN$22, COLUMN()), ROW()<INDEX($A$22:$KN$22, COLUMN())+2), 0, 1), 0)} -> 1 | CA9: {=IF(MOD(COLUMN()-1,4)<2, IF(AND(ROW()>=INDEX($A$22:$KN$22, COLUMN()), ROW()<INDEX($A$22:$KN$22, COLUMN())+2), 0, 1), 0)} -> 0 | CB9: {=IF(MOD(COLUMN()-1,4)<2, IF(AND(ROW()>=INDEX($A$22:$KN$22, COLUMN()), ROW()<INDEX($A$22:$KN$22, COLUMN())+2), 0, 1), 0)} -> 0 | CC9: {=IF(MOD(COLUMN()-1,4)<2, IF(AND(ROW()>=INDEX($A$22:$KN$22, COLUMN()), ROW()<INDEX($A$22:$KN$22, COLUMN())+2), 0, 1), 0)} -> 0 | CD9: {=IF(MOD(COLUMN()-1,4)<2, IF(AND(ROW()>=INDEX($A$22:$KN$22, COLUMN()), ROW()<INDEX($A$22:$KN$22, COLUMN())+2), 0, 1), 0)} -> 0 | CE9: {=IF(MOD(COLUMN()-1,4)<2, IF(AND(ROW()>=INDEX($A$22:$KN$22, COLUMN()), ROW()<INDEX($A$22:$KN$22, COLUMN())+2), 0, 1), 0)} -> 0 | CF9: {=IF(MOD(COLUMN()-1,4)<2, IF(AND(ROW()>=INDEX($A$22:$KN$22, COLUMN()), ROW()<INDEX($A$22:$KN$22, COLUMN())+2), 0, 1), 0)} -> 0 | ... KN9: {=IF(MOD(COLUMN()-1,4)<2, IF(AND(ROW()>=INDEX($A$22:$KN$22, COLUMN()), ROW()<INDEX($A$22:$KN$22, COLUMN())+2), 0, 1), 0)} -> 0
A10: 0 | B10: 0 | C10: {=IF(MOD(COLUMN()-1,4)<2, IF(AND(ROW()>=INDEX($A$22:$KN$22, COLUMN()), ROW()<INDEX($A$22:$KN$22, COLUMN())+3), 0, 1), 0)} -> 0 | D10: {=IF(MOD(COLUMN()-1,4)<2, IF(AND(ROW()>=INDEX($A$22:$KN$22, COLUMN()), ROW()<INDEX($A$22:$KN$22, COLUMN())+3), 0, 1), 0)} -> 0 | E10: {=IF(MOD(COLUMN()-1,4)<2, IF(AND(ROW()>=INDEX($A$22:$KN$22, COLUMN()), ROW()<INDEX($A$22:$KN$22, COLUMN())+5), 0, 1), 0)} -> 0 | F10: {=IF(MOD(COLUMN()-1,4)<2, IF(AND(ROW()>=INDEX($A$22:$KN$22, COLUMN()), ROW()<INDEX($A$22:$KN$22, COLUMN())+5), 0, 1), 0)} -> 0 | G10: {=IF(MOD(COLUMN()-1,4)<2, IF(AND(ROW()>=INDEX($A$22:$KN$22, COLUMN()), ROW()<INDEX($A$22:$KN$22, COLUMN())+5), 0, 1), 0)} -> 0 | H10: {=IF(MOD(COLUMN()-1,4)<2, IF(AND(ROW()>=INDEX($A$22:$KN$22, COLUMN()), ROW()<INDEX($A$22:$KN$22, COLUMN())+5), 0, 1), 0)} -> 0 | I10: {=IF(MOD(COLUMN()-1,4)<2, IF(AND(ROW()>=INDEX($A$22:$KN$22, COLUMN()), ROW()<INDEX($A$22:$KN$22, COLUMN())+5), 0, 1), 0)} -> 0 | J10: {=IF(MOD(COLUMN()-1,4)<2, IF(AND(ROW()>=INDEX($A$22:$KN$22, COLUMN()), ROW()<INDEX($A$22:$KN$22, COLUMN())+5), 0, 1), 0)} -> 0 | K10: {=IF(MOD(COLUMN()-1,4)<2, IF(AND(ROW()>=INDEX($A$22:$KN$22, COLUMN()), ROW()<INDEX($A$22:$KN$22, COLUMN())+5), 0, 1), 0)} -> 0 | L10: {=IF(MOD(COLUMN()-1,4)<2, IF(AND(ROW()>=INDEX($A$22:$KN$22, COLUMN()), ROW()<INDEX($A$22:$KN$22, COLUMN())+5), 0, 1), 0)} -> 0 | ... N10: {=IF(MOD(COLUMN()-1,4)<2, IF(AND(ROW()>=INDEX($A$22:$KN$22, COLUMN()), ROW()<INDEX($A$22:$KN$22, COLUMN())+5), 0, 1), 0)} -> 0 | O10: {=IF(MOD(COLUMN()-1,4)<2, IF(AND(ROW()>=INDEX($A$22:$KN$22, COLUMN()), ROW()<INDEX($A$22:$KN$22, COLUMN())+3), 0, 1), 0)} -> 0 | P10: {=IF(MOD(COLUMN()-1,4)<2, IF(AND(ROW()>=INDEX($A$22:$KN$22, COLUMN()), ROW()<INDEX($A$22:$KN$22, COLUMN())+3), 0, 1), 0)} -> 0 | Q10: {=IF(MOD(COLUMN()-1,4)<2, IF(AND(ROW()>=INDEX($A$22:$KN$22, COLUMN()), ROW()<INDEX($A$22:$KN$22, COLUMN())+4), 0, 1), 0)} -> 1 | R10: {=IF(MOD(COLUMN()-1,4)<2, IF(AND(ROW()>=INDEX($A$22:$KN$22, COLUMN()), ROW()<INDEX($A$22:$KN$22, COLUMN())+4), 0, 1), 0)} -> 1 | S10: {=IF(MOD(COLUMN()-1,4)<2, IF(AND(ROW()>=INDEX($A$22:$KN$22, COLUMN()), ROW()<INDEX($A$22:$KN$22, COLUMN())+4), 0, 1), 0)} -> 0 | T10: {=IF(MOD(COLUMN()-1,4)<2, IF(AND(ROW()>=INDEX($A$22:$KN$22, COLUMN()), ROW()<INDEX($A$22:$KN$22, COLUMN())+4), 0, 1), 0)} -> 0 | U10: {=IF(MOD(COLUMN()-1,4)<2, IF(AND(ROW()>=INDEX($A$22:$KN$22, COLUMN()), ROW()<INDEX($A$22:$KN$22, COLUMN())+4), 0, 1), 0)} -> 1 | V10: {=IF(MOD(COLUMN()-1,4)<2, IF(AND(ROW()>=INDEX($A$22:$KN$22, COLUMN()), ROW()<INDEX($A$22:$KN$22, COLUMN())+4), 0, 1), 0)} -> 1 | W10: {=IF(MOD(COLUMN()-1,4)<2, IF(AND(ROW()>=INDEX($A$22:$KN$22, COLUMN()), ROW()<INDEX($A$22:$KN$22, COLUMN())+4), 0, 1), 0)} -> 0 | X10: {=IF(MOD(COLUMN()-1,4)<2, IF(AND(ROW()>=INDEX($A$22:$KN$22, COLUMN()), ROW()<INDEX($A$22:$KN$22, COLUMN())+4), 0, 1), 0)} -> 0 | ... AL10: {=IF(MOD(COLUMN()-1,4)<2, IF(AND(ROW()>=INDEX($A$22:$KN$22, COLUMN()), ROW()<INDEX($A$22:$KN$22, COLUMN())+4), 0, 1), 0)} -> 0 | AM10: {=IF(MOD(COLUMN()-1,4)<2, IF(AND(ROW()>=INDEX($A$22:$KN$22, COLUMN()), ROW()<INDEX($A$22:$KN$22, COLUMN())+3), 0, 1), 0)} -> 0 | AN10: {=IF(MOD(COLUMN()-1,4)<2, IF(AND(ROW()>=INDEX($A$22:$KN$22, COLUMN()), ROW()<INDEX($A$22:$KN$22, COLUMN())+3), 0, 1), 0)} -> 0 | AO10: {=IF(MOD(COLUMN()-1,4)<2, IF(AND(ROW()>=INDEX($A$22:$KN$22, COLUMN()), ROW()<INDEX($A$22:$KN$22, COLUMN())+3), 0, 1), 0)} -> 1 | AP10: {=IF(MOD(COLUMN()-1,4)<2, IF(AND(ROW()>=INDEX($A$22:$KN$22, COLUMN()), ROW()<INDEX($A$22:$KN$22, COLUMN())+3), 0, 1), 0)} -> 1 | AQ10: {=IF(MOD(COLUMN()-1,4)<2, IF(AND(ROW()>=INDEX($A$22:$KN$22, COLUMN()), ROW()<INDEX($A$22:$KN$22, COLUMN())+3), 0, 1), 0)} -> 0 | AR10: {=IF(MOD(COLUMN()-1,4)<2, IF(AND(ROW()>=INDEX($A$22:$KN$22, COLUMN()), ROW()<INDEX($A$22:$KN$22, COLUMN())+3), 0, 1), 0)} -> 0 | AS10: {=IF(MOD(COLUMN()-1,4)<2, IF(AND(ROW()>=INDEX($A$22:$KN$22, COLUMN()), ROW()<INDEX($A$22:$KN$22, COLUMN())+3), 0, 1), 0)} -> 1 | AT10: {=IF(MOD(COLUMN()-1,4)<2, IF(AND(ROW()>=INDEX($A$22:$KN$22, COLUMN()), ROW()<INDEX($A$22:$KN$22, COLUMN())+3), 0, 1), 0)} -> 1 | ... BX10: {=IF(MOD(COLUMN()-1,4)<2, IF(AND(ROW()>=INDEX($A$22:$KN$22, COLUMN()), ROW()<INDEX($A$22:$KN$22, COLUMN())+3), 0, 1), 0)} -> 0 | BY10: {=IF(MOD(COLUMN()-1,4)<2, IF(AND(ROW()>=INDEX($A$22:$KN$22, COLUMN()), ROW()<INDEX($A$22:$KN$22, COLUMN())+2), 0, 1), 0)} -> 1 | BZ10: {=IF(MOD(COLUMN()-1,4)<2, IF(AND(ROW()>=INDEX($A$22:$KN$22, COLUMN()), ROW()<INDEX($A$22:$KN$22, COLUMN())+2), 0, 1), 0)} -> 1 | CA10: {=IF(MOD(COLUMN()-1,4)<2, IF(AND(ROW()>=INDEX($A$22:$KN$22, COLUMN()), ROW()<INDEX($A$22:$KN$22, COLUMN())+2), 0, 1), 0)} -> 0 | CB10: {=IF(MOD(COLUMN()-1,4)<2, IF(AND(ROW()>=INDEX($A$22:$KN$22, COLUMN()), ROW()<INDEX($A$22:$KN$22, COLUMN())+2), 0, 1), 0)} -> 0 | CC10: {=IF(MOD(COLUMN()-1,4)<2, IF(AND(ROW()>=INDEX($A$22:$KN$22, COLUMN()), ROW()<INDEX($A$22:$KN$22, COLUMN())+2), 0, 1), 0)} -> 0 | CD10: {=IF(MOD(COLUMN()-1,4)<2, IF(AND(ROW()>=INDEX($A$22:$KN$22, COLUMN()), ROW()<INDEX($A$22:$KN$22, COLUMN())+2), 0, 1), 0)} -> 0 | CE10: {=IF(MOD(COLUMN()-1,4)<2, IF(AND(ROW()>=INDEX($A$22:$KN$22, COLUMN()), ROW()<INDEX($A$22:$KN$22, COLUMN())+2), 0, 1), 0)} -> 0 | CF10: {=IF(MOD(COLUMN()-1,4)<2, IF(AND(ROW()>=INDEX($A$22:$KN$22, COLUMN()), ROW()<INDEX($A$22:$KN$22, COLUMN())+2), 0, 1), 0)} -> 0 | ... KN10: {=IF(MOD(COLUMN()-1,4)<2, IF(AND(ROW()>=INDEX($A$22:$KN$22, COLUMN()), ROW()<INDEX($A$22:$KN$22, COLUMN())+2), 0, 1), 0)} -> 0
A11: 0 | B11: 0 | C11: {=IF(MOD(COLUMN()-1,4)<2, IF(AND(ROW()>=INDEX($A$22:$KN$22, COLUMN()), ROW()<INDEX($A$22:$KN$22, COLUMN())+3), 0, 1), 0)} -> 0 | D11: {=IF(MOD(COLUMN()-1,4)<2, IF(AND(ROW()>=INDEX($A$22:$KN$22, COLUMN()), ROW()<INDEX($A$22:$KN$22, COLUMN())+3), 0, 1), 0)} -> 0 | E11: {=IF(MOD(COLUMN()-1,4)<2, IF(AND(ROW()>=INDEX($A$22:$KN$22, COLUMN()), ROW()<INDEX($A$22:$KN$22, COLUMN())+5), 0, 1), 0)} -> 0 | F11: {=IF(MOD(COLUMN()-1,4)<2, IF(AND(ROW()>=INDEX($A$22:$KN$22, COLUMN()), ROW()<INDEX($A$22:$KN$22, COLUMN())+5), 0, 1), 0)} -> 0 | G11: {=IF(MOD(COLUMN()-1,4)<2, IF(AND(ROW()>=INDEX($A$22:$KN$22, COLUMN()), ROW()<INDEX($A$22:$KN$22, COLUMN())+5), 0, 1), 0)} -> 0 | H11: {=IF(MOD(COLUMN()-1,4)<2, IF(AND(ROW()>=INDEX($A$22:$KN$22, COLUMN()), ROW()<INDEX($A$22:$KN$22, COLUMN())+5), 0, 1), 0)} -> 0 | I11: {=IF(MOD(COLUMN()-1,4)<2, IF(AND(ROW()>=INDEX($A$22:$KN$22, COLUMN()), ROW()<INDEX($A$22:$KN$22, COLUMN())+5), 0, 1), 0)} -> 1 | J11: {=IF(MOD(COLUMN()-1,4)<2, IF(AND(ROW()>=INDEX($A$22:$KN$22, COLUMN()), ROW()<INDEX($A$22:$KN$22, COLUMN())+5), 0, 1), 0)} -> 1 | K11: {=IF(MOD(COLUMN()-1,4)<2, IF(AND(ROW()>=INDEX($A$22:$KN$22, COLUMN()), ROW()<INDEX($A$22:$KN$22, COLUMN())+5), 0, 1), 0)} -> 0 | L11: {=IF(MOD(COLUMN()-1,4)<2, IF(AND(ROW()>=INDEX($A$22:$KN$22, COLUMN()), ROW()<INDEX($A$22:$KN$22, COLUMN())+5), 0, 1), 0)} -> 0 | ... N11: {=IF(MOD(COLUMN()-1,4)<2, IF(AND(ROW()>=INDEX($A$22:$KN$22, COLUMN()), ROW()<INDEX($A$22:$KN$22, COLUMN())+5), 0, 1), 0)} -> 1 | O11: {=IF(MOD(COLUMN()-1,4)<2, IF(AND(ROW()>=INDEX($A$22:$KN$22, COLUMN()), ROW()<INDEX($A$22:$KN$22, COLUMN())+3), 0, 1), 0)} -> 0 | P11: {=IF(MOD(COLUMN()-1,4)<2, IF(AND(ROW()>=INDEX($A$22:$KN$22, COLUMN()), ROW()<INDEX($A$22:$KN$22, COLUMN())+3), 0, 1), 0)} -> 0 | Q11: {=IF(MOD(COLUMN()-1,4)<2, IF(AND(ROW()>=INDEX($A$22:$KN$22, COLUMN()), ROW()<INDEX($A$22:$KN$22, COLUMN())+4), 0, 1), 0)} -> 1 | R11: {=IF(MOD(COLUMN()-1,4)<2, IF(AND(ROW()>=INDEX($A$22:$KN$22, COLUMN()), ROW()<INDEX($A$22:$KN$22, COLUMN())+4), 0, 1), 0)} -> 1 | S11: {=IF(MOD(COLUMN()-1,4)<2, IF(AND(ROW()>=INDEX($A$22:$KN$22, COLUMN()), ROW()<INDEX($A$22:$KN$22, COLUMN())+4), 0, 1), 0)} -> 0 | T11: {=IF(MOD(COLUMN()-1,4)<2, IF(AND(ROW()>=INDEX($A$22:$KN$22, COLUMN()), ROW()<INDEX($A$22:$KN$22, COLUMN())+4), 0, 1), 0)} -> 0 | U11: {=IF(MOD(COLUMN()-1,4)<2, IF(AND(ROW()>=INDEX($A$22:$KN$22, COLUMN()), ROW()<INDEX($A$22:$KN$22, COLUMN())+4), 0, 1), 0)} -> 0 | V11: {=IF(MOD(COLUMN()-1,4)<2, IF(AND(ROW()>=INDEX($A$22:$KN$22, COLUMN()), ROW()<INDEX($A$22:$KN$22, COLUMN())+4), 0, 1), 0)} -> 0 | W11: {=IF(MOD(COLUMN()-1,4)<2, IF(AND(ROW()>=INDEX($A$22:$KN$22, COLUMN()), ROW()<INDEX($A$22:$KN$22, COLUMN())+4), 0, 1), 0)} -> 0 | X11: {=IF(MOD(COLUMN()-1,4)<2, IF(AND(ROW()>=INDEX($A$22:$KN$22, COLUMN()), ROW()<INDEX($A$22:$KN$22, COLUMN())+4), 0, 1), 0)} -> 0 | ... AL11: {=IF(MOD(COLUMN()-1,4)<2, IF(AND(ROW()>=INDEX($A$22:$KN$22, COLUMN()), ROW()<INDEX($A$22:$KN$22, COLUMN())+4), 0, 1), 0)} -> 0 | AM11: {=IF(MOD(COLUMN()-1,4)<2, IF(AND(ROW()>=INDEX($A$22:$KN$22, COLUMN()), ROW()<INDEX($A$22:$KN$22, COLUMN())+3), 0, 1), 0)} -> 0 | AN11: {=IF(MOD(COLUMN()-1,4)<2, IF(AND(ROW()>=INDEX($A$22:$KN$22, COLUMN()), ROW()<INDEX($A$22:$KN$22, COLUMN())+3), 0, 1), 0)} -> 0 | AO11: {=IF(MOD(COLUMN()-1,4)<2, IF(AND(ROW()>=INDEX($A$22:$KN$22, COLUMN()), ROW()<INDEX($A$22:$KN$22, COLUMN())+3), 0, 1), 0)} -> 1 | AP11: {=IF(MOD(COLUMN()-1,4)<2, IF(AND(ROW()>=INDEX($A$22:$KN$22, COLUMN()), ROW()<INDEX($A$22:$KN$22, COLUMN())+3), 0, 1), 0)} -> 1 | AQ11: {=IF(MOD(COLUMN()-1,4)<2, IF(AND(ROW()>=INDEX($A$22:$KN$22, COLUMN()), ROW()<INDEX($A$22:$KN$22, COLUMN())+3), 0, 1), 0)} -> 0 | AR11: {=IF(MOD(COLUMN()-1,4)<2, IF(AND(ROW()>=INDEX($A$22:$KN$22, COLUMN()), ROW()<INDEX($A$22:$KN$22, COLUMN())+3), 0, 1), 0)} -> 0 | AS11: {=IF(MOD(COLUMN()-1,4)<2, IF(AND(ROW()>=INDEX($A$22:$KN$22, COLUMN()), ROW()<INDEX($A$22:$KN$22, COLUMN())+3), 0, 1), 0)} -> 1 | AT11: {=IF(MOD(COLUMN()-1,4)<2, IF(AND(ROW()>=INDEX($A$22:$KN$22, COLUMN()), ROW()<INDEX($A$22:$KN$22, COLUMN())+3), 0, 1), 0)} -> 1 | ... BX11: {=IF(MOD(COLUMN()-1,4)<2, IF(AND(ROW()>=INDEX($A$22:$KN$22, COLUMN()), ROW()<INDEX($A$22:$KN$22, COLUMN())+3), 0, 1), 0)} -> 0 | BY11: {=IF(MOD(COLUMN()-1,4)<2, IF(AND(ROW()>=INDEX($A$22:$KN$22, COLUMN()), ROW()<INDEX($A$22:$KN$22, COLUMN())+2), 0, 1), 0)} -> 1 | BZ11: {=IF(MOD(COLUMN()-1,4)<2, IF(AND(ROW()>=INDEX($A$22:$KN$22, COLUMN()), ROW()<INDEX($A$22:$KN$22, COLUMN())+2), 0, 1), 0)} -> 1 | CA11: {=IF(MOD(COLUMN()-1,4)<2, IF(AND(ROW()>=INDEX($A$22:$KN$22, COLUMN()), ROW()<INDEX($A$22:$KN$22, COLUMN())+2), 0, 1), 0)} -> 0 | CB11: {=IF(MOD(COLUMN()-1,4)<2, IF(AND(ROW()>=INDEX($A$22:$KN$22, COLUMN()), ROW()<INDEX($A$22:$KN$22, COLUMN())+2), 0, 1), 0)} -> 0 | CC11: {=IF(MOD(COLUMN()-1,4)<2, IF(AND(ROW()>=INDEX($A$22:$KN$22, COLUMN()), ROW()<INDEX($A$22:$KN$22, COLUMN())+2), 0, 1), 0)} -> 1 | CD11: {=IF(MOD(COLUMN()-1,4)<2, IF(AND(ROW()>=INDEX($A$22:$KN$22, COLUMN()), ROW()<INDEX($A$22:$KN$22, COLUMN())+2), 0, 1), 0)} -> 1 | CE11: {=IF(MOD(COLUMN()-1,4)<2, IF(AND(ROW()>=INDEX($A$22:$KN$22, COLUMN()), ROW()<INDEX($A$22:$KN$22, COLUMN())+2), 0, 1), 0)} -> 0 | CF11: {=IF(MOD(COLUMN()-1,4)<2, IF(AND(ROW()>=INDEX($A$22:$KN$22, COLUMN()), ROW()<INDEX($A$22:$KN$22, COLUMN())+2), 0, 1), 0)} -> 0 | ... KN11: {=IF(MOD(COLUMN()-1,4)<2, IF(AND(ROW()>=INDEX($A$22:$KN$22, COLUMN()), ROW()<INDEX($A$22:$KN$22, COLUMN())+2), 0, 1), 0)} -> 0
A12: 0 | B12: 0 | C12: {=IF(MOD(COLUMN()-1,4)<2, IF(AND(ROW()>=INDEX($A$22:$KN$22, COLUMN()), ROW()<INDEX($A$22:$KN$22, COLUMN())+3), 0, 1), 0)} -> 0 | D12: {=IF(MOD(COLUMN()-1,4)<2, IF(AND(ROW()>=INDEX($A$22:$KN$22, COLUMN()), ROW()<INDEX($A$22:$KN$22, COLUMN())+3), 0, 1), 0)} -> 0 | E12: {=IF(MOD(COLUMN()-1,4)<2, IF(AND(ROW()>=INDEX($A$22:$KN$22, COLUMN()), ROW()<INDEX($A$22:$KN$22, COLUMN())+5), 0, 1), 0)} -> 1 | F12: {=IF(MOD(COLUMN()-1,4)<2, IF(AND(ROW()>=INDEX($A$22:$KN$22, COLUMN()), ROW()<INDEX($A$22:$KN$22, COLUMN())+5), 0, 1), 0)} -> 1 | G12: {=IF(MOD(COLUMN()-1,4)<2, IF(AND(ROW()>=INDEX($A$22:$KN$22, COLUMN()), ROW()<INDEX($A$22:$KN$22, COLUMN())+5), 0, 1), 0)} -> 0 | H12: {=IF(MOD(COLUMN()-1,4)<2, IF(AND(ROW()>=INDEX($A$22:$KN$22, COLUMN()), ROW()<INDEX($A$22:$KN$22, COLUMN())+5), 0, 1), 0)} -> 0 | I12: {=IF(MOD(COLUMN()-1,4)<2, IF(AND(ROW()>=INDEX($A$22:$KN$22, COLUMN()), ROW()<INDEX($A$22:$KN$22, COLUMN())+5), 0, 1), 0)} -> 1 | J12: {=IF(MOD(COLUMN()-1,4)<2, IF(AND(ROW()>=INDEX($A$22:$KN$22, COLUMN()), ROW()<INDEX($A$22:$KN$22, COLUMN())+5), 0, 1), 0)} -> 1 | K12: {=IF(MOD(COLUMN()-1,4)<2, IF(AND(ROW()>=INDEX($A$22:$KN$22, COLUMN()), ROW()<INDEX($A$22:$KN$22, COLUMN())+5), 0, 1), 0)} -> 0 | L12: {=IF(MOD(COLUMN()-1,4)<2, IF(AND(ROW()>=INDEX($A$22:$KN$22, COLUMN()), ROW()<INDEX($A$22:$KN$22, COLUMN())+5), 0, 1), 0)} -> 0 | ... N12: {=IF(MOD(COLUMN()-1,4)<2, IF(AND(ROW()>=INDEX($A$22:$KN$22, COLUMN()), ROW()<INDEX($A$22:$KN$22, COLUMN())+5), 0, 1), 0)} -> 1 | O12: {=IF(MOD(COLUMN()-1,4)<2, IF(AND(ROW()>=INDEX($A$22:$KN$22, COLUMN()), ROW()<INDEX($A$22:$KN$22, COLUMN())+3), 0, 1), 0)} -> 0 | P12: {=IF(MOD(COLUMN()-1,4)<2, IF(AND(ROW()>=INDEX($A$22:$KN$22, COLUMN()), ROW()<INDEX($A$22:$KN$22, COLUMN())+3), 0, 1), 0)} -> 0 | Q12: {=IF(MOD(COLUMN()-1,4)<2, IF(AND(ROW()>=INDEX($A$22:$KN$22, COLUMN()), ROW()<INDEX($A$22:$KN$22, COLUMN())+4), 0, 1), 0)} -> 1 | R12: {=IF(MOD(COLUMN()-1,4)<2, IF(AND(ROW()>=INDEX($A$22:$KN$22, COLUMN()), ROW()<INDEX($A$22:$KN$22, COLUMN())+4), 0, 1), 0)} -> 1 | S12: {=IF(MOD(COLUMN()-1,4)<2, IF(AND(ROW()>=INDEX($A$22:$KN$22, COLUMN()), ROW()<INDEX($A$22:$KN$22, COLUMN())+4), 0, 1), 0)} -> 0 | T12: {=IF(MOD(COLUMN()-1,4)<2, IF(AND(ROW()>=INDEX($A$22:$KN$22, COLUMN()), ROW()<INDEX($A$22:$KN$22, COLUMN())+4), 0, 1), 0)} -> 0 | U12: {=IF(MOD(COLUMN()-1,4)<2, IF(AND(ROW()>=INDEX($A$22:$KN$22, COLUMN()), ROW()<INDEX($A$22:$KN$22, COLUMN())+4), 0, 1), 0)} -> 0 | V12: {=IF(MOD(COLUMN()-1,4)<2, IF(AND(ROW()>=INDEX($A$22:$KN$22, COLUMN()), ROW()<INDEX($A$22:$KN$22, COLUMN())+4), 0, 1), 0)} -> 0 | W12: {=IF(MOD(COLUMN()-1,4)<2, IF(AND(ROW()>=INDEX($A$22:$KN$22, COLUMN()), ROW()<INDEX($A$22:$KN$22, COLUMN())+4), 0, 1), 0)} -> 0 | X12: {=IF(MOD(COLUMN()-1,4)<2, IF(AND(ROW()>=INDEX($A$22:$KN$22, COLUMN()), ROW()<INDEX($A$22:$KN$22, COLUMN())+4), 0, 1), 0)} -> 0 | ... AL12: {=IF(MOD(COLUMN()-1,4)<2, IF(AND(ROW()>=INDEX($A$22:$KN$22, COLUMN()), ROW()<INDEX($A$22:$KN$22, COLUMN())+4), 0, 1), 0)} -> 0 | AM12: {=IF(MOD(COLUMN()-1,4)<2, IF(AND(ROW()>=INDEX($A$22:$KN$22, COLUMN()), ROW()<INDEX($A$22:$KN$22, COLUMN())+3), 0, 1), 0)} -> 0 | AN12: {=IF(MOD(COLUMN()-1,4)<2, IF(AND(ROW()>=INDEX($A$22:$KN$22, COLUMN()), ROW()<INDEX($A$22:$KN$22, COLUMN())+3), 0, 1), 0)} -> 0 | AO12: {=IF(MOD(COLUMN()-1,4)<2, IF(AND(ROW()>=INDEX($A$22:$KN$22, COLUMN()), ROW()<INDEX($A$22:$KN$22, COLUMN())+3), 0, 1), 0)} -> 1 | AP12: {=IF(MOD(COLUMN()-1,4)<2, IF(AND(ROW()>=INDEX($A$22:$KN$22, COLUMN()), ROW()<INDEX($A$22:$KN$22, COLUMN())+3), 0, 1), 0)} -> 1 | AQ12: {=IF(MOD(COLUMN()-1,4)<2, IF(AND(ROW()>=INDEX($A$22:$KN$22, COLUMN()), ROW()<INDEX($A$22:$KN$22, COLUMN())+3), 0, 1), 0)} -> 0 | AR12: {=IF(MOD(COLUMN()-1,4)<2, IF(AND(ROW()>=INDEX($A$22:$KN$22, COLUMN()), ROW()<INDEX($A$22:$KN$22, COLUMN())+3), 0, 1), 0)} -> 0 | AS12: {=IF(MOD(COLUMN()-1,4)<2, IF(AND(ROW()>=INDEX($A$22:$KN$22, COLUMN()), ROW()<INDEX($A$22:$KN$22, COLUMN())+3), 0, 1), 0)} -> 1 | AT12: {=IF(MOD(COLUMN()-1,4)<2, IF(AND(ROW()>=INDEX($A$22:$KN$22, COLUMN()), ROW()<INDEX($A$22:$KN$22, COLUMN())+3), 0, 1), 0)} -> 1 | ... BX12: {=IF(MOD(COLUMN()-1,4)<2, IF(AND(ROW()>=INDEX($A$22:$KN$22, COLUMN()), ROW()<INDEX($A$22:$KN$22, COLUMN())+3), 0, 1), 0)} -> 0 | BY12: {=IF(MOD(COLUMN()-1,4)<2, IF(AND(ROW()>=INDEX($A$22:$KN$22, COLUMN()), ROW()<INDEX($A$22:$KN$22, COLUMN())+2), 0, 1), 0)} -> 1 | BZ12: {=IF(MOD(COLUMN()-1,4)<2, IF(AND(ROW()>=INDEX($A$22:$KN$22, COLUMN()), ROW()<INDEX($A$22:$KN$22, COLUMN())+2), 0, 1), 0)} -> 1 | CA12: {=IF(MOD(COLUMN()-1,4)<2, IF(AND(ROW()>=INDEX($A$22:$KN$22, COLUMN()), ROW()<INDEX($A$22:$KN$22, COLUMN())+2), 0, 1), 0)} -> 0 | CB12: {=IF(MOD(COLUMN()-1,4)<2, IF(AND(ROW()>=INDEX($A$22:$KN$22, COLUMN()), ROW()<INDEX($A$22:$KN$22, COLUMN())+2), 0, 1), 0)} -> 0 | CC12: {=IF(MOD(COLUMN()-1,4)<2, IF(AND(ROW()>=INDEX($A$22:$KN$22, COLUMN()), ROW()<INDEX($A$22:$KN$22, COLUMN())+2), 0, 1), 0)} -> 1 | CD12: {=IF(MOD(COLUMN()-1,4)<2, IF(AND(ROW()>=INDEX($A$22:$KN$22, COLUMN()), ROW()<INDEX($A$22:$KN$22, COLUMN())+2), 0, 1), 0)} -> 1 | CE12: {=IF(MOD(COLUMN()-1,4)<2, IF(AND(ROW()>=INDEX($A$22:$KN$22, COLUMN()), ROW()<INDEX($A$22:$KN$22, COLUMN())+2), 0, 1), 0)} -> 0 | CF12: {=IF(MOD(COLUMN()-1,4)<2, IF(AND(ROW()>=INDEX($A$22:$KN$22, COLUMN()), ROW()<INDEX($A$22:$KN$22, COLUMN())+2), 0, 1), 0)} -> 0 | ... KN12: {=IF(MOD(COLUMN()-1,4)<2, IF(AND(ROW()>=INDEX($A$22:$KN$22, COLUMN()), ROW()<INDEX($A$22:$KN$22, COLUMN())+2), 0, 1), 0)} -> 0
A13: 0 | B13: 0 | C13: {=IF(MOD(COLUMN()-1,4)<2, IF(AND(ROW()>=INDEX($A$22:$KN$22, COLUMN()), ROW()<INDEX($A$22:$KN$22, COLUMN())+3), 0, 1), 0)} -> 0 | D13: {=IF(MOD(COLUMN()-1,4)<2, IF(AND(ROW()>=INDEX($A$22:$KN$22, COLUMN()), ROW()<INDEX($A$22:$KN$22, COLUMN())+3), 0, 1), 0)} -> 0 | E13: {=IF(MOD(COLUMN()-1,4)<2, IF(AND(ROW()>=INDEX($A$22:$KN$22, COLUMN()), ROW()<INDEX($A$22:$KN$22, COLUMN())+5), 0, 1), 0)} -> 1 | F13: {=IF(MOD(COLUMN()-1,4)<2, IF(AND(ROW()>=INDEX($A$22:$KN$22, COLUMN()), ROW()<INDEX($A$22:$KN$22, COLUMN())+5), 0, 1), 0)} -> 1 | G13: {=IF(MOD(COLUMN()-1,4)<2, IF(AND(ROW()>=INDEX($A$22:$KN$22, COLUMN()), ROW()<INDEX($A$22:$KN$22, COLUMN())+5), 0, 1), 0)} -> 0 | H13: {=IF(MOD(COLUMN()-1,4)<2, IF(AND(ROW()>=INDEX($A$22:$KN$22, COLUMN()), ROW()<INDEX($A$22:$KN$22, COLUMN())+5), 0, 1), 0)} -> 0 | I13: {=IF(MOD(COLUMN()-1,4)<2, IF(AND(ROW()>=INDEX($A$22:$KN$22, COLUMN()), ROW()<INDEX($A$22:$KN$22, COLUMN())+5), 0, 1), 0)} -> 1 | J13: {=IF(MOD(COLUMN()-1,4)<2, IF(AND(ROW()>=INDEX($A$22:$KN$22, COLUMN()), ROW()<INDEX($A$22:$KN$22, COLUMN())+5), 0, 1), 0)} -> 1 | K13: {=IF(MOD(COLUMN()-1,4)<2, IF(AND(ROW()>=INDEX($A$22:$KN$22, COLUMN()), ROW()<INDEX($A$22:$KN$22, COLUMN())+5), 0, 1), 0)} -> 0 | L13: {=IF(MOD(COLUMN()-1,4)<2, IF(AND(ROW()>=INDEX($A$22:$KN$22, COLUMN()), ROW()<INDEX($A$22:$KN$22, COLUMN())+5), 0, 1), 0)} -> 0 | ... N13: {=IF(MOD(COLUMN()-1,4)<2, IF(AND(ROW()>=INDEX($A$22:$KN$22, COLUMN()), ROW()<INDEX($A$22:$KN$22, COLUMN())+5), 0, 1), 0)} -> 1 | O13: {=IF(MOD(COLUMN()-1,4)<2, IF(AND(ROW()>=INDEX($A$22:$KN$22, COLUMN()), ROW()<INDEX($A$22:$KN$22, COLUMN())+3), 0, 1), 0)} -> 0 | P13: {=IF(MOD(COLUMN()-1,4)<2, IF(AND(ROW()>=INDEX($A$22:$KN$22, COLUMN()), ROW()<INDEX($A$22:$KN$22, COLUMN())+3), 0, 1), 0)} -> 0 | Q13: {=IF(MOD(COLUMN()-1,4)<2, IF(AND(ROW()>=INDEX($A$22:$KN$22, COLUMN()), ROW()<INDEX($A$22:$KN$22, COLUMN())+4), 0, 1), 0)} -> 1 | R13: {=IF(MOD(COLUMN()-1,4)<2, IF(AND(ROW()>=INDEX($A$22:$KN$22, COLUMN()), ROW()<INDEX($A$22:$KN$22, COLUMN())+4), 0, 1), 0)} -> 1 | S13: {=IF(MOD(COLUMN()-1,4)<2, IF(AND(ROW()>=INDEX($A$22:$KN$22, COLUMN()), ROW()<INDEX($A$22:$KN$22, COLUMN())+4), 0, 1), 0)} -> 0 | T13: {=IF(MOD(COLUMN()-1,4)<2, IF(AND(ROW()>=INDEX($A$22:$KN$22, COLUMN()), ROW()<INDEX($A$22:$KN$22, COLUMN())+4), 0, 1), 0)} -> 0 | U13: {=IF(MOD(COLUMN()-1,4)<2, IF(AND(ROW()>=INDEX($A$22:$KN$22, COLUMN()), ROW()<INDEX($A$22:$KN$22, COLUMN())+4), 0, 1), 0)} -> 0 | V13: {=IF(MOD(COLUMN()-1,4)<2, IF(AND(ROW()>=INDEX($A$22:$KN$22, COLUMN()), ROW()<INDEX($A$22:$KN$22, COLUMN())+4), 0, 1), 0)} -> 0 | W13: {=IF(MOD(COLUMN()-1,4)<2, IF(AND(ROW()>=INDEX($A$22:$KN$22, COLUMN()), ROW()<INDEX($A$22:$KN$22, COLUMN())+4), 0, 1), 0)} -> 0 | X13: {=IF(MOD(COLUMN()-1,4)<2, IF(AND(ROW()>=INDEX($A$22:$KN$22, COLUMN()), ROW()<INDEX($A$22:$KN$22, COLUMN())+4), 0, 1), 0)} -> 0 | ... AL13: {=IF(MOD(COLUMN()-1,4)<2, IF(AND(ROW()>=INDEX($A$22:$KN$22, COLUMN()), ROW()<INDEX($A$22:$KN$22, COLUMN())+4), 0, 1), 0)} -> 0 | AM13: {=IF(MOD(COLUMN()-1,4)<2, IF(AND(ROW()>=INDEX($A$22:$KN$22, COLUMN()), ROW()<INDEX($A$22:$KN$22, COLUMN())+3), 0, 1), 0)} -> 0 | AN13: {=IF(MOD(COLUMN()-1,4)<2, IF(AND(ROW()>=INDEX($A$22:$KN$22, COLUMN()), ROW()<INDEX($A$22:$KN$22, COLUMN())+3), 0, 1), 0)} -> 0 | AO13: {=IF(MOD(COLUMN()-1,4)<2, IF(AND(ROW()>=INDEX($A$22:$KN$22, COLUMN()), ROW()<INDEX($A$22:$KN$22, COLUMN())+3), 0, 1), 0)} -> 0 | AP13: {=IF(MOD(COLUMN()-1,4)<2, IF(AND(ROW()>=INDEX($A$22:$KN$22, COLUMN()), ROW()<INDEX($A$22:$KN$22, COLUMN())+3), 0, 1), 0)} -> 0 | AQ13: {=IF(MOD(COLUMN()-1,4)<2, IF(AND(ROW()>=INDEX($A$22:$KN$22, COLUMN()), ROW()<INDEX($A$22:$KN$22, COLUMN())+3), 0, 1), 0)} -> 0 | AR13: {=IF(MOD(COLUMN()-1,4)<2, IF(AND(ROW()>=INDEX($A$22:$KN$22, COLUMN()), ROW()<INDEX($A$22:$KN$22, COLUMN())+3), 0, 1), 0)} -> 0 | AS13: {=IF(MOD(COLUMN()-1,4)<2, IF(AND(ROW()>=INDEX($A$22:$KN$22, COLUMN()), ROW()<INDEX($A$22:$KN$22, COLUMN())+3), 0, 1), 0)} -> 1 | AT13: {=IF(MOD(COLUMN()-1,4)<2, IF(AND(ROW()>=INDEX($A$22:$KN$22, COLUMN()), ROW()<INDEX($A$22:$KN$22, COLUMN())+3), 0, 1), 0)} -> 1 | ... BX13: {=IF(MOD(COLUMN()-1,4)<2, IF(AND(ROW()>=INDEX($A$22:$KN$22, COLUMN()), ROW()<INDEX($A$22:$KN$22, COLUMN())+3), 0, 1), 0)} -> 0 | BY13: {=IF(MOD(COLUMN()-1,4)<2, IF(AND(ROW()>=INDEX($A$22:$KN$22, COLUMN()), ROW()<INDEX($A$22:$KN$22, COLUMN())+2), 0, 1), 0)} -> 0 | BZ13: {=IF(MOD(COLUMN()-1,4)<2, IF(AND(ROW()>=INDEX($A$22:$KN$22, COLUMN()), ROW()<INDEX($A$22:$KN$22, COLUMN())+2), 0, 1), 0)} -> 0 | CA13: {=IF(MOD(COLUMN()-1,4)<2, IF(AND(ROW()>=INDEX($A$22:$KN$22, COLUMN()), ROW()<INDEX($A$22:$KN$22, COLUMN())+2), 0, 1), 0)} -> 0 | CB13: {=IF(MOD(COLUMN()-1,4)<2, IF(AND(ROW()>=INDEX($A$22:$KN$22, COLUMN()), ROW()<INDEX($A$22:$KN$22, COLUMN())+2), 0, 1), 0)} -> 0 | CC13: {=IF(MOD(COLUMN()-1,4)<2, IF(AND(ROW()>=INDEX($A$22:$KN$22, COLUMN()), ROW()<INDEX($A$22:$KN$22, COLUMN())+2), 0, 1), 0)} -> 1 | CD13: {=IF(MOD(COLUMN()-1,4)<2, IF(AND(ROW()>=INDEX($A$22:$KN$22, COLUMN()), ROW()<INDEX($A$22:$KN$22, COLUMN())+2), 0, 1), 0)} -> 1 | CE13: {=IF(MOD(COLUMN()-1,4)<2, IF(AND(ROW()>=INDEX($A$22:$KN$22, COLUMN()), ROW()<INDEX($A$22:$KN$22, COLUMN())+2), 0, 1), 0)} -> 0 | CF13: {=IF(MOD(COLUMN()-1,4)<2, IF(AND(ROW()>=INDEX($A$22:$KN$22, COLUMN()), ROW()<INDEX($A$22:$KN$22, COLUMN())+2), 0, 1), 0)} -> 0 | ... KN13: {=IF(MOD(COLUMN()-1,4)<2, IF(AND(ROW()>=INDEX($A$22:$KN$22, COLUMN()), ROW()<INDEX($A$22:$KN$22, COLUMN())+2), 0, 1), 0)} -> 0
... A19: 0 | B19: 0 | C19: {=IF(MOD(COLUMN()-1,4)<2, IF(AND(ROW()>=INDEX($A$22:$KN$22, COLUMN()), ROW()<INDEX($A$22:$KN$22, COLUMN())+3), 0, 1), 0)} -> 0 | D19: {=IF(MOD(COLUMN()-1,4)<2, IF(AND(ROW()>=INDEX($A$22:$KN$22, COLUMN()), ROW()<INDEX($A$22:$KN$22, COLUMN())+3), 0, 1), 0)} -> 0 | E19: {=IF(MOD(COLUMN()-1,4)<2, IF(AND(ROW()>=INDEX($A$22:$KN$22, COLUMN()), ROW()<INDEX($A$22:$KN$22, COLUMN())+5), 0, 1), 0)} -> 1 | F19: {=IF(MOD(COLUMN()-1,4)<2, IF(AND(ROW()>=INDEX($A$22:$KN$22, COLUMN()), ROW()<INDEX($A$22:$KN$22, COLUMN())+5), 0, 1), 0)} -> 1 | G19: {=IF(MOD(COLUMN()-1,4)<2, IF(AND(ROW()>=INDEX($A$22:$KN$22, COLUMN()), ROW()<INDEX($A$22:$KN$22, COLUMN())+5), 0, 1), 0)} -> 0 | H19: {=IF(MOD(COLUMN()-1,4)<2, IF(AND(ROW()>=INDEX($A$22:$KN$22, COLUMN()), ROW()<INDEX($A$22:$KN$22, COLUMN())+5), 0, 1), 0)} -> 0 | I19: {=IF(MOD(COLUMN()-1,4)<2, IF(AND(ROW()>=INDEX($A$22:$KN$22, COLUMN()), ROW()<INDEX($A$22:$KN$22, COLUMN())+5), 0, 1), 0)} -> 1 | J19: {=IF(MOD(COLUMN()-1,4)<2, IF(AND(ROW()>=INDEX($A$22:$KN$22, COLUMN()), ROW()<INDEX($A$22:$KN$22, COLUMN())+5), 0, 1), 0)} -> 1 | K19: {=IF(MOD(COLUMN()-1,4)<2, IF(AND(ROW()>=INDEX($A$22:$KN$22, COLUMN()), ROW()<INDEX($A$22:$KN$22, COLUMN())+5), 0, 1), 0)} -> 0 | L19: {=IF(MOD(COLUMN()-1,4)<2, IF(AND(ROW()>=INDEX($A$22:$KN$22, COLUMN()), ROW()<INDEX($A$22:$KN$22, COLUMN())+5), 0, 1), 0)} -> 0 | ... N19: {=IF(MOD(COLUMN()-1,4)<2, IF(AND(ROW()>=INDEX($A$22:$KN$22, COLUMN()), ROW()<INDEX($A$22:$KN$22, COLUMN())+5), 0, 1), 0)} -> 1 | O19: {=IF(MOD(COLUMN()-1,4)<2, IF(AND(ROW()>=INDEX($A$22:$KN$22, COLUMN()), ROW()<INDEX($A$22:$KN$22, COLUMN())+3), 0, 1), 0)} -> 0 | P19: {=IF(MOD(COLUMN()-1,4)<2, IF(AND(ROW()>=INDEX($A$22:$KN$22, COLUMN()), ROW()<INDEX($A$22:$KN$22, COLUMN())+3), 0, 1), 0)} -> 0 | Q19: {=IF(MOD(COLUMN()-1,4)<2, IF(AND(ROW()>=INDEX($A$22:$KN$22, COLUMN()), ROW()<INDEX($A$22:$KN$22, COLUMN())+4), 0, 1), 0)} -> 1 | R19: {=IF(MOD(COLUMN()-1,4)<2, IF(AND(ROW()>=INDEX($A$22:$KN$22, COLUMN()), ROW()<INDEX($A$22:$KN$22, COLUMN())+4), 0, 1), 0)} -> 1 | S19: {=IF(MOD(COLUMN()-1,4)<2, IF(AND(ROW()>=INDEX($A$22:$KN$22, COLUMN()), ROW()<INDEX($A$22:$KN$22, COLUMN())+4), 0, 1), 0)} -> 0 | T19: {=IF(MOD(COLUMN()-1,4)<2, IF(AND(ROW()>=INDEX($A$22:$KN$22, COLUMN()), ROW()<INDEX($A$22:$KN$22, COLUMN())+4), 0, 1), 0)} -> 0 | U19: {=IF(MOD(COLUMN()-1,4)<2, IF(AND(ROW()>=INDEX($A$22:$KN$22, COLUMN()), ROW()<INDEX($A$22:$KN$22, COLUMN())+4), 0, 1), 0)} -> 1 | V19: {=IF(MOD(COLUMN()-1,4)<2, IF(AND(ROW()>=INDEX($A$22:$KN$22, COLUMN()), ROW()<INDEX($A$22:$KN$22, COLUMN())+4), 0, 1), 0)} -> 1 | W19: {=IF(MOD(COLUMN()-1,4)<2, IF(AND(ROW()>=INDEX($A$22:$KN$22, COLUMN()), ROW()<INDEX($A$22:$KN$22, COLUMN())+4), 0, 1), 0)} -> 0 | X19: {=IF(MOD(COLUMN()-1,4)<2, IF(AND(ROW()>=INDEX($A$22:$KN$22, COLUMN()), ROW()<INDEX($A$22:$KN$22, COLUMN())+4), 0, 1), 0)} -> 0 | ... AL19: {=IF(MOD(COLUMN()-1,4)<2, IF(AND(ROW()>=INDEX($A$22:$KN$22, COLUMN()), ROW()<INDEX($A$22:$KN$22, COLUMN())+4), 0, 1), 0)} -> 1 | AM19: {=IF(MOD(COLUMN()-1,4)<2, IF(AND(ROW()>=INDEX($A$22:$KN$22, COLUMN()), ROW()<INDEX($A$22:$KN$22, COLUMN())+3), 0, 1), 0)} -> 0 | AN19: {=IF(MOD(COLUMN()-1,4)<2, IF(AND(ROW()>=INDEX($A$22:$KN$22, COLUMN()), ROW()<INDEX($A$22:$KN$22, COLUMN())+3), 0, 1), 0)} -> 0 | AO19: {=IF(MOD(COLUMN()-1,4)<2, IF(AND(ROW()>=INDEX($A$22:$KN$22, COLUMN()), ROW()<INDEX($A$22:$KN$22, COLUMN())+3), 0, 1), 0)} -> 1 | AP19: {=IF(MOD(COLUMN()-1,4)<2, IF(AND(ROW()>=INDEX($A$22:$KN$22, COLUMN()), ROW()<INDEX($A$22:$KN$22, COLUMN())+3), 0, 1), 0)} -> 1 | AQ19: {=IF(MOD(COLUMN()-1,4)<2, IF(AND(ROW()>=INDEX($A$22:$KN$22, COLUMN()), ROW()<INDEX($A$22:$KN$22, COLUMN())+3), 0, 1), 0)} -> 0 | AR19: {=IF(MOD(COLUMN()-1,4)<2, IF(AND(ROW()>=INDEX($A$22:$KN$22, COLUMN()), ROW()<INDEX($A$22:$KN$22, COLUMN())+3), 0, 1), 0)} -> 0 | AS19: {=IF(MOD(COLUMN()-1,4)<2, IF(AND(ROW()>=INDEX($A$22:$KN$22, COLUMN()), ROW()<INDEX($A$22:$KN$22, COLUMN())+3), 0, 1), 0)} -> 1 | AT19: {=IF(MOD(COLUMN()-1,4)<2, IF(AND(ROW()>=INDEX($A$22:$KN$22, COLUMN()), ROW()<INDEX($A$22:$KN$22, COLUMN())+3), 0, 1), 0)} -> 1 | ... BX19: {=IF(MOD(COLUMN()-1,4)<2, IF(AND(ROW()>=INDEX($A$22:$KN$22, COLUMN()), ROW()<INDEX($A$22:$KN$22, COLUMN())+3), 0, 1), 0)} -> 0 | BY19: {=IF(MOD(COLUMN()-1,4)<2, IF(AND(ROW()>=INDEX($A$22:$KN$22, COLUMN()), ROW()<INDEX($A$22:$KN$22, COLUMN())+2), 0, 1), 0)} -> 1 | BZ19: {=IF(MOD(COLUMN()-1,4)<2, IF(AND(ROW()>=INDEX($A$22:$KN$22, COLUMN()), ROW()<INDEX($A$22:$KN$22, COLUMN())+2), 0, 1), 0)} -> 1 | CA19: {=IF(MOD(COLUMN()-1,4)<2, IF(AND(ROW()>=INDEX($A$22:$KN$22, COLUMN()), ROW()<INDEX($A$22:$KN$22, COLUMN())+2), 0, 1), 0)} -> 0 | CB19: {=IF(MOD(COLUMN()-1,4)<2, IF(AND(ROW()>=INDEX($A$22:$KN$22, COLUMN()), ROW()<INDEX($A$22:$KN$22, COLUMN())+2), 0, 1), 0)} -> 0 | CC19: {=IF(MOD(COLUMN()-1,4)<2, IF(AND(ROW()>=INDEX($A$22:$KN$22, COLUMN()), ROW()<INDEX($A$22:$KN$22, COLUMN())+2), 0, 1), 0)} -> 1 | CD19: {=IF(MOD(COLUMN()-1,4)<2, IF(AND(ROW()>=INDEX($A$22:$KN$22, COLUMN()), ROW()<INDEX($A$22:$KN$22, COLUMN())+2), 0, 1), 0)} -> 1 | CE19: {=IF(MOD(COLUMN()-1,4)<2, IF(AND(ROW()>=INDEX($A$22:$KN$22, COLUMN()), ROW()<INDEX($A$22:$KN$22, COLUMN())+2), 0, 1), 0)} -> 0 | CF19: {=IF(MOD(COLUMN()-1,4)<2, IF(AND(ROW()>=INDEX($A$22:$KN$22, COLUMN()), ROW()<INDEX($A$22:$KN$22, COLUMN())+2), 0, 1), 0)} -> 0 | ... KN19: {=IF(MOD(COLUMN()-1,4)<2, IF(AND(ROW()>=INDEX($A$22:$KN$22, COLUMN()), ROW()<INDEX($A$22:$KN$22, COLUMN())+2), 0, 1), 0)} -> 0
C22: =IF(MOD(C$1-1,4)=0, RANDBETWEEN(3,17), "") | D22: =C22 | E22: =IF(AND($K$29<>"Start",FlappyBird!K3<>"GAME OVER"), IF(MOD(E$1-1,4)=0, RANDBETWEEN(3,12), ""), E22) -> 7 | F22: =E22 -> 7 | G22: =IF($K$29<>"Start", IF(MOD(G$1-1,4)=0, RANDBETWEEN(3,12), ""), G22) | H22: =G22 | I22: =IF(AND($K$29<>"Start",FlappyBird!K3<>"GAME OVER"), IF(MOD(I$1-1,4)=0, RANDBETWEEN(3,12), ""), I22) -> 6 | J22: =I22 -> 6 | K22: =IF($K$29<>"Start", IF(MOD(K$1-1,4)=0, RANDBETWEEN(3,12), ""), K22) | L22: =K22 | M22: =IF(AND($K$29<>"Start",FlappyBird!K3<>"GAME OVER"), IF(MOD(M$1-1,4)=0, RANDBETWEEN(3,12), ""), M22) -> 6 | N22: =M22 -> 6 | O22: =IF($K$29<>"Start", IF(MOD(O$1-1,4)=0, RANDBETWEEN(3,12), ""), O22) | P22: =O22 | Q22: =IF(AND($K$29<>"Start",FlappyBird!K3<>"GAME OVER"), IF(MOD(Q$1-1,4)=0, RANDBETWEEN(3,13), ""), Q22) -> 4 | R22: =Q22 -> 4 | S22: =IF($K$29<>"Start", IF(MOD(S$1-1,4)=0, RANDBETWEEN(3,12), ""), S22) | T22: =S22 | U22: =IF(AND($K$29<>"Start",FlappyBird!K3<>"GAME OVER"), IF(MOD(U$1-1,4)=0, RANDBETWEEN(3,13), ""), U22) -> 11 | V22: =U22 -> 11 | W22: =IF($K$29<>"Start", IF(MOD(W$1-1,4)=0, RANDBETWEEN(3,12), ""), W22) | X22: =W22 | Y22: =IF(AND($K$29<>"Start",FlappyBird!K3<>"GAME OVER"), IF(MOD(Y$1-1,4)=0, RANDBETWEEN(3,13), ""), Y22) -> 12 | Z22: =Y22 -> 12 | AA22: =IF($K$29<>"Start", IF(MOD(AA$1-1,4)=0, RANDBETWEEN(3,12), ""), AA22) | AB22: =AA22 | AC22: =IF(AND($K$29<>"Start",FlappyBird!K3<>"GAME OVER"), IF(MOD(AC$1-1,4)=0, RANDBETWEEN(3,13), ""), AC22) -> 8 | AD22: =AC22 -> 8 | AE22: =IF($K$29<>"Start", IF(MOD(AE$1-1,4)=0, RANDBETWEEN(3,12), ""), AE22) | AF22: =AE22 | AG22: =IF(AND($K$29<>"Start",FlappyBird!K3<>"GAME OVER"), IF(MOD(AG$1-1,4)=0, RANDBETWEEN(3,12), ""), AG22) -> 7 | AH22: =AG22 -> 7 | AI22: =IF($K$29<>"Start", IF(MOD(AI$1-1,4)=0, RANDBETWEEN(3,12), ""), AI22) | AJ22: =AI22 | AK22: =IF(AND($K$29<>"Start",FlappyBird!K3<>"GAME OVER"), IF(MOD(AK$1-1,4)=0, RANDBETWEEN(3,13), ""), AK22) -> 10 | AL22: =AK22 -> 10 | AM22: =IF($K$29<>"Start", IF(MOD(AM$1-1,4)=0, RANDBETWEEN(3,12), ""), AM22) | AN22: =AM22 | AO22: =IF(AND($K$29<>"Start",FlappyBird!K3<>"GAME OVER"), IF(MOD(AO$1-1,4)=0, RANDBETWEEN(3,14), ""), AO22) -> 13 | AP22: =AO22 -> 13 | AQ22: =IF($K$29<>"Start", IF(MOD(AQ$1-1,4)=0, RANDBETWEEN(3,14), ""), AQ22) | AR22: =AQ22 | AS22: =IF(AND($K$29<>"Start",FlappyBird!K3<>"GAME OVER"), IF(MOD(AS$1-1,4)=0, RANDBETWEEN(3,14), ""), AS22) -> 6 | AT22: =AS22 -> 6 | AU22: =IF($K$29<>"Start", IF(MOD(AU$1-1,4)=0, RANDBETWEEN(3,14), ""), AU22) | AV22: =AU22 | AW22: =IF(AND($K$29<>"Start",FlappyBird!$K$3<>"GAME OVER"), IF(MOD(AW$1-1,4)=0, RANDBETWEEN(3,14), ""), AW22) -> 13 | AX22: =AW22 -> 13 | AY22: =IF(AND($K$29<>"Start",FlappyBird!$K$3<>"GAME OVER"), IF(MOD(AY$1-1,4)=0, RANDBETWEEN(3,14), ""), AY22) | AZ22: =AY22 | BA22: =IF(AND($K$29<>"Start",FlappyBird!$K$3<>"GAME OVER"), IF(MOD(BA$1-1,4)=0, RANDBETWEEN(3,14), ""), BA22) -> 13 | BB22: =BA22 -> 13 | BC22: =IF(AND($K$29<>"Start",FlappyBird!$K$3<>"GAME OVER"), IF(MOD(BC$1-1,4)=0, RANDBETWEEN(3,14), ""), BC22) | BD22: =BC22 | BE22: =IF(AND($K$29<>"Start",FlappyBird!$K$3<>"GAME OVER"), IF(MOD(BE$1-1,4)=0, RANDBETWEEN(3,14), ""), BE22) -> 10 | BF22: =BE22 -> 10 | BG22: =IF(AND($K$29<>"Start",FlappyBird!$K$3<>"GAME OVER"), IF(MOD(BG$1-1,4)=0, RANDBETWEEN(3,14), ""), BG22) | BH22: =BG22 | BI22: =IF(AND($K$29<>"Start",FlappyBird!$K$3<>"GAME OVER"), IF(MOD(BI$1-1,4)=0, RANDBETWEEN(3,14), ""), BI22) -> 3 | BJ22: =BI22 -> 3 | BK22: =IF(AND($K$29<>"Start",FlappyBird!$K$3<>"GAME OVER"), IF(MOD(BK$1-1,4)=0, RANDBETWEEN(3,14), ""), BK22) | BL22: =BK22 | BM22: =IF(AND($K$29<>"Start",FlappyBird!$K$3<>"GAME OVER"), IF(MOD(BM$1-1,4)=0, RANDBETWEEN(3,14), ""), BM22) -> 3 | BN22: =BM22 -> 3 | BO22: =IF(AND($K$29<>"Start",FlappyBird!$K$3<>"GAME OVER"), IF(MOD(BO$1-1,4)=0, RANDBETWEEN(3,14), ""), BO22) | BP22: =BO22 | BQ22: =IF(AND($K$29<>"Start",FlappyBird!$K$3<>"GAME OVER"), IF(MOD(BQ$1-1,4)=0, RANDBETWEEN(3,14), ""), BQ22) -> 6 | BR22: =BQ22 -> 6 | BS22: =IF(AND($K$29<>"Start",FlappyBird!$K$3<>"GAME OVER"), IF(MOD(BS$1-1,4)=0, RANDBETWEEN(3,14), ""), BS22) | BT22: =BS22 | BU22: =IF(AND($K$29<>"Start",FlappyBird!$K$3<>"GAME OVER"), IF(MOD(BU$1-1,4)=0, RANDBETWEEN(3,14), ""), BU22) -> 4 | BV22: =BU22 -> 4 | BW22: =IF(AND($K$29<>"Start",FlappyBird!$K$3<>"GAME OVER"), IF(MOD(BW$1-1,4)=0, RANDBETWEEN(3,14), ""), BW22) | BX22: =BW22 | BY22: =IF(AND($K$29<>"Start",FlappyBird!$K$3<>"GAME OVER"), IF(MOD(BY$1-1,4)=0, RANDBETWEEN(3,14), ""), BY22) -> 13 | BZ22: =BY22 -> 13 | CA22: =IF(AND($K$29<>"Start",FlappyBird!$K$3<>"GAME OVER"), IF(MOD(CA$1-1,4)=0, RANDBETWEEN(3,14), ""), CA22) | CB22: =CA22 | CC22: =IF(AND($K$29<>"Start",FlappyBird!$K$3<>"GAME OVER"), IF(MOD(CC$1-1,4)=0, RANDBETWEEN(3,14), ""), CC22) -> 9 | CD22: =CC22 -> 9 | CE22: =IF(AND($K$29<>"Start",FlappyBird!$K$3<>"GAME OVER"), IF(MOD(CE$1-1,4)=0, RANDBETWEEN(3,14), ""), CE22) | CF22: =CE22 | CG22: =IF(AND($K$29<>"Start",FlappyBird!$K$3<>"GAME OVER"), IF(MOD(CG$1-1,4)=0, RANDBETWEEN(3,14), ""), CG22) -> 13 | CH22: =CG22 -> 13 | CI22: =IF(AND($K$29<>"Start",FlappyBird!$K$3<>"GAME OVER"), IF(MOD(CI$1-1,4)=0, RANDBETWEEN(3,14), ""), CI22) | CJ22: =CI22 | CK22: =IF(AND($K$29<>"Start",FlappyBird!$K$3<>"GAME OVER"), IF(MOD(CK$1-1,4)=0, RANDBETWEEN(3,14), ""), CK22) -> 12 | CL22: =CK22 -> 12 | CM22: =IF(AND($K$29<>"Start",FlappyBird!$K$3<>"GAME OVER"), IF(MOD(CM$1-1,4)=0, RANDBETWEEN(3,14), ""), CM22) | CN22: =CM22 | CO22: =IF(AND($K$29<>"Start",FlappyBird!$K$3<>"GAME OVER"), IF(MOD(CO$1-1,4)=0, RANDBETWEEN(3,14), ""), CO22) -> 6 | CP22: =CO22 -> 6 | CQ22: =IF(AND($K$29<>"Start",FlappyBird!$K$3<>"GAME OVER"), IF(MOD(CQ$1-1,4)=0, RANDBETWEEN(3,14), ""), CQ22) | CR22: =CQ22 | CS22: =IF(AND($K$29<>"Start",FlappyBird!$K$3<>"GAME OVER"), IF(MOD(CS$1-1,4)=0, RANDBETWEEN(3,14), ""), CS22) -> 4 | CT22: =CS22 -> 4 | CU22: =IF(AND($K$29<>"Start",FlappyBird!$K$3<>"GAME OVER"), IF(MOD(CU$1-1,4)=0, RANDBETWEEN(3,14), ""), CU22) | CV22: =CU22 | CW22: =IF(AND($K$29<>"Start",FlappyBird!$K$3<>"GAME OVER"), IF(MOD(CW$1-1,4)=0, RANDBETWEEN(3,14), ""), CW22) -> 7 | CX22: =CW22 -> 7 | CY22: =IF(AND($K$29<>"Start",FlappyBird!$K$3<>"GAME OVER"), IF(MOD(CY$1-1,4)=0, RANDBETWEEN(3,14), ""), CY22) | CZ22: =CY22 | DA22: =IF(AND($K$29<>"Start",FlappyBird!$K$3<>"GAME OVER"), IF(MOD(DA$1-1,4)=0, RANDBETWEEN(3,14), ""), DA22) -> 6 | DB22: =DA22 -> 6 | DC22: =IF(AND($K$29<>"Start",FlappyBird!$K$3<>"GAME OVER"), IF(MOD(DC$1-1,4)=0, RANDBETWEEN(3,14), ""), DC22) | DD22: =DC22 | DE22: =IF(AND($K$29<>"Start",FlappyBird!$K$3<>"GAME OVER"), IF(MOD(DE$1-1,4)=0, RANDBETWEEN(3,14), ""), DE22) -> 13 | DF22: =DE22 -> 13 | DG22: =IF(AND($K$29<>"Start",FlappyBird!$K$3<>"GAME OVER"), IF(MOD(DG$1-1,4)=0, RANDBETWEEN(3,14), ""), DG22) | DH22: =DG22 | DI22: =IF(AND($K$29<>"Start",FlappyBird!$K$3<>"GAME OVER"), IF(MOD(DI$1-1,4)=0, RANDBETWEEN(3,14), ""), DI22) -> 14 | DJ22: =DI22 -> 14 | DK22: =IF(AND($K$29<>"Start",FlappyBird!$K$3<>"GAME OVER"), IF(MOD(DK$1-1,4)=0, RANDBETWEEN(3,14), ""), DK22) | DL22: =DK22 | DM22: =IF(AND($K$29<>"Start",FlappyBird!$K$3<>"GAME OVER"), IF(MOD(DM$1-1,4)=0, RANDBETWEEN(3,14), ""), DM22) -> 14 | DN22: =DM22 -> 14 | DO22: =IF(AND($K$29<>"Start",FlappyBird!$K$3<>"GAME OVER"), IF(MOD(DO$1-1,4)=0, RANDBETWEEN(3,14), ""), DO22) | DP22: =DO22 | DQ22: =IF(AND($K$29<>"Start",FlappyBird!$K$3<>"GAME OVER"), IF(MOD(DQ$1-1,4)=0, RANDBETWEEN(3,14), ""), DQ22) -> 14 | DR22: =DQ22 -> 14 | DS22: =IF(AND($K$29<>"Start",FlappyBird!$K$3<>"GAME OVER"), IF(MOD(DS$1-1,4)=0, RANDBETWEEN(3,14), ""), DS22) | DT22: =DS22 | DU22: =IF(AND($K$29<>"Start",FlappyBird!$K$3<>"GAME OVER"), IF(MOD(DU$1-1,4)=0, RANDBETWEEN(3,14), ""), DU22) -> 5 | DV22: =DU22 -> 5 | DW22: =IF(AND($K$29<>"Start",FlappyBird!$K$3<>"GAME OVER"), IF(MOD(DW$1-1,4)=0, RANDBETWEEN(3,14), ""), DW22) | DX22: =DW22 | DY22: =IF(AND($K$29<>"Start",FlappyBird!$K$3<>"GAME OVER"), IF(MOD(DY$1-1,4)=0, RANDBETWEEN(3,14), ""), DY22) -> 12 | DZ22: =DY22 -> 12 | EA22: =IF(AND($K$29<>"Start",FlappyBird!$K$3<>"GAME OVER"), IF(MOD(EA$1-1,4)=0, RANDBETWEEN(3,14), ""), EA22) | EB22: =EA22 | EC22: =IF(AND($K$29<>"Start",FlappyBird!$K$3<>"GAME OVER"), IF(MOD(EC$1-1,4)=0, RANDBETWEEN(3,14), ""), EC22) -> 5 | ED22: =EC22 -> 5 | EE22: =IF(AND($K$29<>"Start",FlappyBird!$K$3<>"GAME OVER"), IF(MOD(EE$1-1,4)=0, RANDBETWEEN(3,14), ""), EE22) | EF22: =EE22 | EG22: =IF(AND($K$29<>"Start",FlappyBird!$K$3<>"GAME OVER"), IF(MOD(EG$1-1,4)=0, RANDBETWEEN(3,14), ""), EG22) -> 12 | EH22: =EG22 -> 12 | EI22: =IF(AND($K$29<>"Start",FlappyBird!$K$3<>"GAME OVER"), IF(MOD(EI$1-1,4)=0, RANDBETWEEN(3,14), ""), EI22) | EJ22: =EI22 | EK22: =IF(AND($K$29<>"Start",FlappyBird!$K$3<>"GAME OVER"), IF(MOD(EK$1-1,4)=0, RANDBETWEEN(3,14), ""), EK22) -> 10 | EL22: =EK22 -> 10 | EM22: =IF(AND($K$29<>"Start",FlappyBird!$K$3<>"GAME OVER"), IF(MOD(EM$1-1,4)=0, RANDBETWEEN(3,14), ""), EM22) | EN22: =EM22 | EO22: =IF(AND($K$29<>"Start",FlappyBird!$K$3<>"GAME OVER"), IF(MOD(EO$1-1,4)=0, RANDBETWEEN(3,14), ""), EO22) -> 4 | EP22: =EO22 -> 4 | EQ22: =IF(AND($K$29<>"Start",FlappyBird!$K$3<>"GAME OVER"), IF(MOD(EQ$1-1,4)=0, RANDBETWEEN(3,14), ""), EQ22) | ER22: =EQ22 | ES22: =IF(AND($K$29<>"Start",FlappyBird!$K$3<>"GAME OVER"), IF(MOD(ES$1-1,4)=0, RANDBETWEEN(3,14), ""), ES22) -> 3 | ET22: =ES22 -> 3 | EU22: =IF(AND($K$29<>"Start",FlappyBird!$K$3<>"GAME OVER"), IF(MOD(EU$1-1,4)=0, RANDBETWEEN(3,14), ""), EU22) | EV22: =EU22 | EW22: =IF(AND($K$29<>"Start",FlappyBird!$K$3<>"GAME OVER"), IF(MOD(EW$1-1,4)=0, RANDBETWEEN(3,14), ""), EW22) -> 3 | EX22: =EW22 -> 3 | EY22: =IF(AND($K$29<>"Start",FlappyBird!$K$3<>"GAME OVER"), IF(MOD(EY$1-1,4)=0, RANDBETWEEN(3,14), ""), EY22) | EZ22: =EY22 | FA22: =IF(AND($K$29<>"Start",FlappyBird!$K$3<>"GAME OVER"), IF(MOD(FA$1-1,4)=0, RANDBETWEEN(3,14), ""), FA22) -> 11 | FB22: =FA22 -> 11 | FC22: =IF(AND($K$29<>"Start",FlappyBird!$K$3<>"GAME OVER"), IF(MOD(FC$1-1,4)=0, RANDBETWEEN(3,14), ""), FC22) | FD22: =FC22 | FE22: =IF(AND($K$29<>"Start",FlappyBird!$K$3<>"GAME OVER"), IF(MOD(FE$1-1,4)=0, RANDBETWEEN(3,14), ""), FE22) -> 14 | FF22: =FE22 -> 14 | FG22: =IF(AND($K$29<>"Start",FlappyBird!$K$3<>"GAME OVER"), IF(MOD(FG$1-1,4)=0, RANDBETWEEN(3,14), ""), FG22) | FH22: =FG22 | FI22: =IF(AND($K$29<>"Start",FlappyBird!$K$3<>"GAME OVER"), IF(MOD(FI$1-1,4)=0, RANDBETWEEN(3,14), ""), FI22) -> 10 | FJ22: =FI22 -> 10 | FK22: =IF(AND($K$29<>"Start",FlappyBird!$K$3<>"GAME OVER"), IF(MOD(FK$1-1,4)=0, RANDBETWEEN(3,14), ""), FK22) | FL22: =FK22 | FM22: =IF(AND($K$29<>"Start",FlappyBird!$K$3<>"GAME OVER"), IF(MOD(FM$1-1,4)=0, RANDBETWEEN(3,14), ""), FM22) -> 12 | FN22: =FM22 -> 12 | FO22: =IF(AND($K$29<>"Start",FlappyBird!$K$3<>"GAME OVER"), IF(MOD(FO$1-1,4)=0, RANDBETWEEN(3,14), ""), FO22) | FP22: =FO22 | FQ22: =IF(AND($K$29<>"Start",FlappyBird!$K$3<>"GAME OVER"), IF(MOD(FQ$1-1,4)=0, RANDBETWEEN(3,14), ""), FQ22) -> 4 | FR22: =FQ22 -> 4 | FS22: =IF(AND($K$29<>"Start",FlappyBird!$K$3<>"GAME OVER"), IF(MOD(FS$1-1,4)=0, RANDBETWEEN(3,14), ""), FS22) | FT22: =FS22 | FU22: =IF(AND($K$29<>"Start",FlappyBird!$K$3<>"GAME OVER"), IF(MOD(FU$1-1,4)=0, RANDBETWEEN(3,14), ""), FU22) -> 8 | FV22: =FU22 -> 8 | FW22: =IF(AND($K$29<>"Start",FlappyBird!$K$3<>"GAME OVER"), IF(MOD(FW$1-1,4)=0, RANDBETWEEN(3,14), ""), FW22) | FX22: =FW22 | FY22: =IF(AND($K$29<>"Start",FlappyBird!$K$3<>"GAME OVER"), IF(MOD(FY$1-1,4)=0, RANDBETWEEN(3,14), ""), FY22) -> 3 | FZ22: =FY22 -> 3 | GA22: =IF(AND($K$29<>"Start",FlappyBird!$K$3<>"GAME OVER"), IF(MOD(GA$1-1,4)=0, RANDBETWEEN(3,14), ""), GA22) | GB22: =GA22 | GC22: =IF(AND($K$29<>"Start",FlappyBird!$K$3<>"GAME OVER"), IF(MOD(GC$1-1,4)=0, RANDBETWEEN(3,14), ""), GC22) -> 3 | GD22: =GC22 -> 3 | GE22: =IF(AND($K$29<>"Start",FlappyBird!$K$3<>"GAME OVER"), IF(MOD(GE$1-1,4)=0, RANDBETWEEN(3,14), ""), GE22) | GF22: =GE22 | GG22: =IF(AND($K$29<>"Start",FlappyBird!$K$3<>"GAME OVER"), IF(MOD(GG$1-1,4)=0, RANDBETWEEN(3,14), ""), GG22) -> 8 | GH22: =GG22 -> 8 | GI22: =IF(AND($K$29<>"Start",FlappyBird!$K$3<>"GAME OVER"), IF(MOD(GI$1-1,4)=0, RANDBETWEEN(3,14), ""), GI22) | GJ22: =GI22 | GK22: =IF(AND($K$29<>"Start",FlappyBird!$K$3<>"GAME OVER"), IF(MOD(GK$1-1,4)=0, RANDBETWEEN(3,14), ""), GK22) -> 10 | GL22: =GK22 -> 10 | GM22: =IF(AND($K$29<>"Start",FlappyBird!$K$3<>"GAME OVER"), IF(MOD(GM$1-1,4)=0, RANDBETWEEN(3,14), ""), GM22) | GN22: =GM22 | GO22: =IF(AND($K$29<>"Start",FlappyBird!$K$3<>"GAME OVER"), IF(MOD(GO$1-1,4)=0, RANDBETWEEN(3,14), ""), GO22) -> 5 | GP22: =GO22 -> 5 | GQ22: =IF(AND($K$29<>"Start",FlappyBird!$K$3<>"GAME OVER"), IF(MOD(GQ$1-1,4)=0, RANDBETWEEN(3,14), ""), GQ22) | GR22: =GQ22 | GS22: =IF(AND($K$29<>"Start",FlappyBird!$K$3<>"GAME OVER"), IF(MOD(GS$1-1,4)=0, RANDBETWEEN(3,14), ""), GS22) -> 14 | GT22: =GS22 -> 14 | GU22: =IF(AND($K$29<>"Start",FlappyBird!$K$3<>"GAME OVER"), IF(MOD(GU$1-1,4)=0, RANDBETWEEN(3,14), ""), GU22) | GV22: =GU22 | GW22: =IF(AND($K$29<>"Start",FlappyBird!$K$3<>"GAME OVER"), IF(MOD(GW$1-1,4)=0, RANDBETWEEN(3,14), ""), GW22) -> 12 | GX22: =GW22 -> 12 | GY22: =IF(AND($K$29<>"Start",FlappyBird!$K$3<>"GAME OVER"), IF(MOD(GY$1-1,4)=0, RANDBETWEEN(3,14), ""), GY22) | GZ22: =GY22 | HA22: =IF(AND($K$29<>"Start",FlappyBird!$K$3<>"GAME OVER"), IF(MOD(HA$1-1,4)=0, RANDBETWEEN(3,14), ""), HA22) -> 8 | HB22: =HA22 -> 8 | HC22: =IF(AND($K$29<>"Start",FlappyBird!$K$3<>"GAME OVER"), IF(MOD(HC$1-1,4)=0, RANDBETWEEN(3,14), ""), HC22) | HD22: =HC22 | HE22: =IF(AND($K$29<>"Start",FlappyBird!$K$3<>"GAME OVER"), IF(MOD(HE$1-1,4)=0, RANDBETWEEN(3,14), ""), HE22) -> 4 | HF22: =HE22 -> 4 | HG22: =IF(AND($K$29<>"Start",FlappyBird!$K$3<>"GAME OVER"), IF(MOD(HG$1-1,4)=0, RANDBETWEEN(3,14), ""), HG22) | HH22: =HG22 | HI22: =IF(AND($K$29<>"Start",FlappyBird!$K$3<>"GAME OVER"), IF(MOD(HI$1-1,4)=0, RANDBETWEEN(3,14), ""), HI22) -> 10 | HJ22: =HI22 -> 10 | HK22: =IF(AND($K$29<>"Start",FlappyBird!$K$3<>"GAME OVER"), IF(MOD(HK$1-1,4)=0, RANDBETWEEN(3,14), ""), HK22) | HL22: =HK22 | HM22: =IF(AND($K$29<>"Start",FlappyBird!$K$3<>"GAME OVER"), IF(MOD(HM$1-1,4)=0, RANDBETWEEN(3,14), ""), HM22) -> 5 | HN22: =HM22 -> 5 | HO22: =IF(AND($K$29<>"Start",FlappyBird!$K$3<>"GAME OVER"), IF(MOD(HO$1-1,4)=0, RANDBETWEEN(3,14), ""), HO22) | HP22: =HO22 | HQ22: =IF(AND($K$29<>"Start",FlappyBird!$K$3<>"GAME OVER"), IF(MOD(HQ$1-1,4)=0, RANDBETWEEN(3,14), ""), HQ22) -> 7 | HR22: =HQ22 -> 7 | HS22: =IF(AND($K$29<>"Start",FlappyBird!$K$3<>"GAME OVER"), IF(MOD(HS$1-1,4)=0, RANDBETWEEN(3,14), ""), HS22) | HT22: =HS22 | HU22: =IF(AND($K$29<>"Start",FlappyBird!$K$3<>"GAME OVER"), IF(MOD(HU$1-1,4)=0, RANDBETWEEN(3,14), ""), HU22) -> 3 | HV22: =HU22 -> 3 | HW22: =IF(AND($K$29<>"Start",FlappyBird!$K$3<>"GAME OVER"), IF(MOD(HW$1-1,4)=0, RANDBETWEEN(3,14), ""), HW22) | HX22: =HW22 | HY22: =IF(AND($K$29<>"Start",FlappyBird!$K$3<>"GAME OVER"), IF(MOD(HY$1-1,4)=0, RANDBETWEEN(3,14), ""), HY22) -> 4 | HZ22: =HY22 -> 4 | IA22: =IF(AND($K$29<>"Start",FlappyBird!$K$3<>"GAME OVER"), IF(MOD(IA$1-1,4)=0, RANDBETWEEN(3,14), ""), IA22) | IB22: =IA22 | IC22: =IF(AND($K$29<>"Start",FlappyBird!$K$3<>"GAME OVER"), IF(MOD(IC$1-1,4)=0, RANDBETWEEN(3,14), ""), IC22) -> 12 | ID22: =IC22 -> 12 | IE22: =IF(AND($K$29<>"Start",FlappyBird!$K$3<>"GAME OVER"), IF(MOD(IE$1-1,4)=0, RANDBETWEEN(3,14), ""), IE22) | IF22: =IE22 | IG22: =IF(AND($K$29<>"Start",FlappyBird!$K$3<>"GAME OVER"), IF(MOD(IG$1-1,4)=0, RANDBETWEEN(3,14), ""), IG22) -> 12 | IH22: =IG22 -> 12 | II22: =IF(AND($K$29<>"Start",FlappyBird!$K$3<>"GAME OVER"), IF(MOD(II$1-1,4)=0, RANDBETWEEN(3,14), ""), II22) | IJ22: =II22 | IK22: =IF(AND($K$29<>"Start",FlappyBird!$K$3<>"GAME OVER"), IF(MOD(IK$1-1,4)=0, RANDBETWEEN(3,14), ""), IK22) -> 11 | IL22: =IK22 -> 11 | IM22: =IF(AND($K$29<>"Start",FlappyBird!$K$3<>"GAME OVER"), IF(MOD(IM$1-1,4)=0, RANDBETWEEN(3,14), ""), IM22) | IN22: =IM22 | IO22: =IF(AND($K$29<>"Start",FlappyBird!$K$3<>"GAME OVER"), IF(MOD(IO$1-1,4)=0, RANDBETWEEN(3,14), ""), IO22) -> 6 | IP22: =IO22 -> 6 | IQ22: =IF(AND($K$29<>"Start",FlappyBird!$K$3<>"GAME OVER"), IF(MOD(IQ$1-1,4)=0, RANDBETWEEN(3,14), ""), IQ22) | IR22: =IQ22 | IS22: =IF(AND($K$29<>"Start",FlappyBird!$K$3<>"GAME OVER"), IF(MOD(IS$1-1,4)=0, RANDBETWEEN(3,14), ""), IS22) -> 12 | IT22: =IS22 -> 12 | IU22: =IF(AND($K$29<>"Start",FlappyBird!$K$3<>"GAME OVER"), IF(MOD(IU$1-1,4)=0, RANDBETWEEN(3,14), ""), IU22) | IV22: =IU22 | IW22: =IF(AND($K$29<>"Start",FlappyBird!$K$3<>"GAME OVER"), IF(MOD(IW$1-1,4)=0, RANDBETWEEN(3,14), ""), IW22) -> 10 | IX22: =IW22 -> 10 | IY22: =IF(AND($K$29<>"Start",FlappyBird!$K$3<>"GAME OVER"), IF(MOD(IY$1-1,4)=0, RANDBETWEEN(3,14), ""), IY22) | IZ22: =IY22 | JA22: =IF(AND($K$29<>"Start",FlappyBird!$K$3<>"GAME OVER"), IF(MOD(JA$1-1,4)=0, RANDBETWEEN(3,14), ""), JA22) -> 4 | JB22: =JA22 -> 4 | JC22: =IF(AND($K$29<>"Start",FlappyBird!$K$3<>"GAME OVER"), IF(MOD(JC$1-1,4)=0, RANDBETWEEN(3,14), ""), JC22) | JD22: =JC22 | JE22: =IF(AND($K$29<>"Start",FlappyBird!$K$3<>"GAME OVER"), IF(MOD(JE$1-1,4)=0, RANDBETWEEN(3,14), ""), JE22) -> 5 | JF22: =JE22 -> 5 | JG22: =IF(AND($K$29<>"Start",FlappyBird!$K$3<>"GAME OVER"), IF(MOD(JG$1-1,4)=0, RANDBETWEEN(3,14), ""), JG22) | JH22: =JG22 | JI22: =IF(AND($K$29<>"Start",FlappyBird!$K$3<>"GAME OVER"), IF(MOD(JI$1-1,4)=0, RANDBETWEEN(3,14), ""), JI22) -> 14 | JJ22: =JI22 -> 14 | JK22: =IF(AND($K$29<>"Start",FlappyBird!$K$3<>"GAME OVER"), IF(MOD(JK$1-1,4)=0, RANDBETWEEN(3,14), ""), JK22) | JL22: =JK22 | JM22: =IF(AND($K$29<>"Start",FlappyBird!$K$3<>"GAME OVER"), IF(MOD(JM$1-1,4)=0, RANDBETWEEN(3,14), ""), JM22) -> 14 | JN22: =JM22 -> 14 | JO22: =IF(AND($K$29<>"Start",FlappyBird!$K$3<>"GAME OVER"), IF(MOD(JO$1-1,4)=0, RANDBETWEEN(3,14), ""), JO22) | JP22: =JO22 | JQ22: =IF(AND($K$29<>"Start",FlappyBird!$K$3<>"GAME OVER"), IF(MOD(JQ$1-1,4)=0, RANDBETWEEN(3,14), ""), JQ22) -> 7 | JR22: =JQ22 -> 7 | JS22: =IF(AND($K$29<>"Start",FlappyBird!$K$3<>"GAME OVER"), IF(MOD(JS$1-1,4)=0, RANDBETWEEN(3,14), ""), JS22) | JT22: =JS22 | JU22: =IF(AND($K$29<>"Start",FlappyBird!$K$3<>"GAME OVER"), IF(MOD(JU$1-1,4)=0, RANDBETWEEN(3,14), ""), JU22) -> 10 | JV22: =JU22 -> 10 | JW22: =IF(AND($K$29<>"Start",FlappyBird!$K$3<>"GAME OVER"), IF(MOD(JW$1-1,4)=0, RANDBETWEEN(3,14), ""), JW22) | JX22: =JW22 | JY22: =IF(AND($K$29<>"Start",FlappyBird!$K$3<>"GAME OVER"), IF(MOD(JY$1-1,4)=0, RANDBETWEEN(3,14), ""), JY22) -> 9 | JZ22: =JY22 -> 9 | KA22: =IF(AND($K$29<>"Start",FlappyBird!$K$3<>"GAME OVER"), IF(MOD(KA$1-1,4)=0, RANDBETWEEN(3,14), ""), KA22) | KB22: =KA22 | KC22: =IF(AND($K$29<>"Start",FlappyBird!$K$3<>"GAME OVER"), IF(MOD(KC$1-1,4)=0, RANDBETWEEN(3,14), ""), KC22) -> 7 | KD22: =KC22 -> 7 | KE22: =IF(AND($K$29<>"Start",FlappyBird!$K$3<>"GAME OVER"), IF(MOD(KE$1-1,4)=0, RANDBETWEEN(3,14), ""), KE22) | KF22: =KE22 | KG22: =IF(AND($K$29<>"Start",FlappyBird!$K$3<>"GAME OVER"), IF(MOD(KG$1-1,4)=0, RANDBETWEEN(3,14), ""), KG22) -> 5 | KH22: =KG22 -> 5 | KI22: =IF(AND($K$29<>"Start",FlappyBird!$K$3<>"GAME OVER"), IF(MOD(KI$1-1,4)=0, RANDBETWEEN(3,14), ""), KI22) | KJ22: =KI22 | KK22: =IF(AND($K$29<>"Start",FlappyBird!$K$3<>"GAME OVER"), IF(MOD(KK$1-1,4)=0, RANDBETWEEN(3,14), ""), KK22) -> 14 | KL22: =KK22 -> 14 | KM22: =IF(AND($K$29<>"Start",FlappyBird!$K$3<>"GAME OVER"), IF(MOD(KM$1-1,4)=0, RANDBETWEEN(3,14), ""), KM22) | KN22: =KM22
G28: Key Information
G29: GAME STATE: | K29: =IF(OR(FlappyBird!V20=FALSE,FlappyBird!K3="GAME OVER"), "", "Start") | M29: =IF(K31=1, 0, 1) -> 1
G30: START TIME: | K30: =IF(K29<>"Start", NOW(), K30) -> 45963.662
G31: ELAPSED: | K31: =IF(FlappyBird!V20=TRUE,INT(((NOW()-K30)*86400)-1),-1) -> -1 | M31: =IF(M29=1, INT(((NOW()-K30)*86400)-1), 0) -> -1 | N31: =IF(K30=NOW(), K31, 0) -> -1
G32: TIME COMP: | K32: =IF(K33<>0, K32, K31) -> -1
G33: CLICK RATE: | K33: =IF(K31<>K32, 0,K33+1) -> 1
G34: VAR GRAVITY: | K34: {=_xlfn.IFS(K33<2, 2, K33=2, 1, K33>2, 0)} -> 2
G35: UP SHIFT: | K35: =IF(K29="Start", K35+1-K34, 7) -> 7

Sheet Shapes
A1: I | B1: R1 | C1: 12 | D1: 12 | E1: 12 | F1: 12 | G1: R2 | H1: 12 | I1: 0 | J1: 0 | K1: 0 | L1: R3 | M1: 12 | N1: 12 | O1: 12 | P1: 12 | Q1: R4 | R1: 12 | S1: 0 | T1: 0 | U1: 0
C2: 0 | D2: 0 | E2: 0 | F2: 0 | H2: 12 | I2: 0 | J2: 0 | K2: 0 | M2: 0 | N2: 0 | O2: 0 | P2: 0 | R2: 12 | S2: 0 | T2: 0 | U2: 0
C3: 0 | D3: 0 | E3: 0 | F3: 0 | H3: 12 | I3: 0 | J3: 0 | K3: 0 | M3: 0 | N3: 0 | O3: 0 | P3: 0 | R3: 12 | S3: 0 | T3: 0 | U3: 0
C4: 0 | D4: 0 | E4: 0 | F4: 0 | H4: 12 | I4: 0 | J4: 0 | K4: 0 | M4: 0 | N4: 0 | O4: 0 | P4: 0 | R4: 12 | S4: 0 | T4: 0 | U4: 0
A6: L | B6: R1 | C6: 13 | D6: 13 | E6: 13 | F6: 0 | G6: R2 | H6: 13 | I6: 13 | J6: 0 | K6: 0 | L6: R3 | M6: 0 | N6: 0 | O6: 13 | P6: 0 | Q6: R4 | R6: 13 | S6: 0 | T6: 0 | U6: 0
C7: 13 | D7: 0 | E7: 0 | F7: 0 | H7: 0 | I7: 13 | J7: 0 | K7: 0 | M7: 13 | N7: 13 | O7: 13 | P7: 0 | R7: 13 | S7: 0 | T7: 0 | U7: 0
C8: 0 | D8: 0 | E8: 0 | F8: 0 | H8: 0 | I8: 13 | J8: 0 | K8: 0 | M8: 0 | N8: 0 | O8: 0 | P8: 0 | R8: 13 | S8: 13 | T8: 0 | U8: 0
C9: 0 | D9: 0 | E9: 0 | F9: 0 | H9: 0 | I9: 0 | J9: 0 | K9: 0 | M9: 0 | N9: 0 | O9: 0 | P9: 0 | R9: 0 | S9: 0 | T9: 0 | U9: 0
A11: S | B11: R1 | C11: 0 | D11: 14 | E11: 14 | F11: 0 | G11: R2 | H11: 14 | I11: 0 | J11: 0 | K11: 0 | L11: R3 | M11: 0 | N11: 14 | O11: 14 | P11: 0 | Q11: R4 | R11: 14 | S11: 0 | T11: 0 | U11: 0
C12: 14 | D12: 14 | E12: 0 | F12: 0 | H12: 14 | I12: 14 | J12: 0 | K12: 0 | M12: 14 | N12: 14 | O12: 0 | P12: 0 | R12: 14 | S12: 14 | T12: 0 | U12: 0
C13: 0 | D13: 0 | E13: 0 | F13: 0 | H13: 0 | I13: 14 | J13: 0 | K13: 0 | M13: 0 | N13: 0 | O13: 0 | P13: 0 | R13: 0 | S13: 14 | T13: 0 | U13: 0
C14: 0 | D14: 0 | E14: 0 | F14: 0 | H14: 0 | I14: 0 | J14: 0 | K14: 0 | M14: 0 | N14: 0 | O14: 0 | P14: 0 | R14: 0 | S14: 0 | T14: 0 | U14: 0
A16: Z | B16: R1 | C16: 15 | D16: 15 | E16: 0 | F16: 0 | G16: R2 | H16: 0 | I16: 15 | J16: 0 | K16: 0 | L16: R3 | M16: 15 | N16: 15 | O16: 0 | P16: 0 | Q16: R4 | R16: 0 | S16: 15 | T16: 0 | U16: 0
C17: 0 | D17: 15 | E17: 15 | F17: 0 | H17: 15 | I17: 15 | J17: 0 | K17: 0 | M17: 0 | N17: 15 | O17: 15 | P17: 0 | R17: 15 | S17: 15 | T17: 0 | U17: 0
C18: 0 | D18: 0 | E18: 0 | F18: 0 | H18: 15 | I18: 0 | J18: 0 | K18: 0 | M18: 0 | N18: 0 | O18: 0 | P18: 0 | R18: 15 | S18: 0 | T18: 0 | U18: 0
C19: 0 | D19: 0 | E19: 0 | F19: 0 | H19: 0 | I19: 0 | J19: 0 | K19: 0 | M19: 0 | N19: 0 | O19: 0 | P19: 0 | R19: 0 | S19: 0 | T19: 0 | U19: 0
A21: J | B21: R1 | C21: 19 | D21: 19 | E21: 19 | F21: 0 | G21: R2 | H21: 0 | I21: 19 | J21: 0 | K21: 0 | L21: R3 | M21: 19 | N21: 0 | O21: 0 | P21: 0 | Q21: R4 | R21: 19 | S21: 19 | T21: 0 | U21: 0
C22: 0 | D22: 0 | E22: 19 | F22: 0 | H22: 0 | I22: 19 | J22: 0 | K22: 0 | M22: 19 | N22: 19 | O22: 19 | P22: 0 | R22: 19 | S22: 0 | T22: 0 | U22: 0
C23: 0 | D23: 0 | E23: 0 | F23: 0 | H23: 19 | I23: 19 | J23: 0 | K23: 0 | M23: 0 | N23: 0 | O23: 0 | P23: 0 | R23: 19 | S23: 0 | T23: 0 | U23: 0
C24: 0 | D24: 0 | E24: 0 | F24: 0 | H24: 0 | I24: 0 | J24: 0 | K24: 0 | M24: 0 | N24: 0 | O24: 0 | P24: 0 | R24: 0 | S24: 0 | T24: 0 | U24: 0
A26: O | B26: R1 | C26: 17 | D26: 17 | E26: 0 | F26: 0 | G26: R2 | H26: 17 | I26: 17 | J26: 0 | K26: 0 | L26: R3 | M26: 17 | N26: 17 | O26: 0 | P26: 0 | Q26: R4 | R26: 17 | S26: 17 | T26: 0 | U26: 0
C27: 17 | D27: 17 | E27: 0 | F27: 0 | H27: 17 | I27: 17 | J27: 0 | K27: 0 | M27: 17 | N27: 17 | O27: 0 | P27: 0 | R27: 17 | S27: 17 | T27: 0 | U27: 0
C28: 0 | D28: 0 | E28: 0 | F28: 0 | H28: 0 | I28: 0 | J28: 0 | K28: 0 | M28: 0 | N28: 0 | O28: 0 | P28: 0 | R28: 0 | S28: 0 | T28: 0 | U28: 0
C29: 0 | D29: 0 | E29: 0 | F29: 0 | H29: 0 | I29: 0 | J29: 0 | K29: 0 | M29: 0 | N29: 0 | O29: 0 | P29: 0 | R29: 0 | S29: 0 | T29: 0 | U29: 0
A31: T | B31: R1 | C31: 18 | D31: 18 | E31: 18 | F31: 0 | G31: R2 | H31: 0 | I31: 18 | J31: 0 | K31: 0 | L31: R3 | M31: 0 | N31: 18 | O31: 0 | P31: 0 | Q31: R4 | R31: 18 | S31: 0 | T31: 0 | U31: 0
C32: 0 | D32: 18 | E32: 0 | F32: 0 | H32: 18 | I32: 18 | J32: 0 | K32: 0 | M32: 18 | N32: 18 | O32: 18 | P32: 0 | R32: 18 | S32: 18 | T32: 0 | U32: 0
C33: 0 | D33: 0 | E33: 0 | F33: 0 | H33: 0 | I33: 18 | J33: 0 | K33: 0 | M33: 0 | N33: 0 | O33: 0 | P33: 0 | R33: 18 | S33: 0 | T33: 0 | U33: 0
C34: 0 | D34: 0 | E34: 0 | F34: 0 | H34: 0 | I34: 0 | J34: 0 | K34: 0 | M34: 0 | N34: 0 | O34: 0 | P34: 0 | R34: 0 | S34: 0 | T34: 0 | U34: 0
